Input (Romanized)	Target (Devanagari)	Prediction
ank	अंक	आंक
anka	अंक	आंका
ankit	अंकित	अंकित
anakon	अंकों	अनकों
ankhon	अंकों	अंखों
ankon	अंकों	अंकों
angkor	अंकोर	अंगकोर
ankor	अंकोर	अंकोर
angaarak	अंगारक	अंगारक
angarak	अंगारक	अंगरक
angraji	अंग्रज़ी	अंग्रजी
angreji	अंग्रज़ी	अंग्रजी
angrzi	अंग्रज़ी	अंग्रजी
antah	अंतः	अंतहह
antaha	अंतः	अंतहा
antarmukh	अंतर्मुख	अंतरमखूख
antmurkh	अंतर्मुख	अंत्रमुख
antrmukh	अंतर्मुख	अंतरमखूख
andrabee	अंद्राबी	अंद्रबी
andrabi	अंद्राबी	अंद्रबी
andha	अंधा	अंधा
andhapan	अंधापन	अंधपन
andheri	अंधेरी	अंधेरी
ambaani	अंबानी	अंबानी
ambani	अंबानी	अंबानी
akram	अकरम	अक्रम
acapulco	अकापुल्को	अकापुलॉ
akapulko	अकापुल्को	अकापुलको
akhand	अखंड	अखंड
akhil	अखिल	अखिल
agavai	अगवाई	अगावाई
agvaai	अगवाई	अगवाई
augustine	अगस्टाइन	अगस्टीन
augustustine	अगस्टाइन	अगस्ट्युस्टिन
agsta	अगस्ता	अजस्ता
agusta	अगस्ता	अगुस्ता
augusta	अगस्ता	उगस्ता
agr	अग्र	एग्र
agra	अग्र	अग्र
achambha	अचंभा	अचमभा
achanbha	अचंभा	अचंभा
achievement	अचीवमेंट	अच्छेवाेंट
achivement	अचीवमेंट	अच्छिवेंट
acchi	अच्छी	अच्छी
achchi	अच्छी	अच्छी
achhi	अच्छी	अछी
achyut	अच्युत	अच्युत
achhanera	अछनेरा	अच्छेनारा
achnera	अछनेरा	अच्नेरा
ajmeedh	अजमीढ़	अजमीद
ajhar	अजहर	आजार
azhar	अजहर	आहार
ajit	अजित	अजीत
agnat	अज्ञात	अग्नत
agyaat	अज्ञात	अज्ञात
agyat	अज्ञात	अज्ञात
atakta	अटकता	अटकता
atkata	अटकता	अटकता
atake	अटके	अटके
atke	अटके	अटके
atwaal	अटवाल	अतवाल
atwal	अटवाल	अटवाल
attahasa	अट्टहास	अट्थासा
atthaas	अट्टहास	अट्ाास
atthas	अट्टहास	अट्चास
addon	अड्डों	अड़ों
athak	अथक	अथक
atharv	अथर्व	अठारवव
atharva	अथर्व	अठारवा
adad	अदद	अददद
adaani	अदाणी	अदानी
adani	अदाणी	अदानी
advait	अद्वैत	अदवेत
adwait	अद्वैत	अदवेत
advaitvaad	अद्वैतवाद	अद्वेतवाद
advaitwad	अद्वैतवाद	अदववेतवाद
adhivas	अधिवास	अधिवास
adhiwas	अधिवास	अधिवास
advivas	अधिवास	अद्विवास
adhiik	अधीक	अधिक
adhik	अधीक	अधिक
adhyayanarat	अध्ययनरत	अध्ययनारत
adhyayanrat	अध्ययनरत	अध्ययनररत
adhyaynrat	अध्ययनरत	अध्यंयरता
anant	अनंत	अनंत
ananti	अनंती	अनंति
angadh	अनगढ़	अंगद
angarh	अनगढ़	अंगरह
anchahe	अनचाहे	अंचाहे
anthak	अनथक	अंथक
unthak	अनथक	उंठक
anhoni	अनहोनी	अंहोनी
anaavashyak	अनावश्यक	अनावश्यक
anavashyak	अनावश्यक	अनावश्यक
anavshyak	अनावश्यक	अनावश्यक
anawashyak	अनावश्यक	अनावश्यक
anik	अनिक	अनिक
anishwarvadi	अनीश्वरवादी	अनिश्वर्दवादी
anishwarwadi	अनीश्वरवादी	अनिश्वर्वादी
anukoltha	अनुकूलता	अनुकोल्ठा
anukulata	अनुकूलता	अनुकुलता
anukulta	अनुकूलता	अनुकुलता
anuchit	अनुचित	अनुचित
anuprayogi	अनुप्रयोगों	अनुप्रयोगी
anuprayogon	अनुप्रयोगों	अनुप्रयोगों
anupryogon	अनुप्रयोगों	अनुप्रयोगों
anureet	अनुरीत	अनुरीत
anurit	अनुरीत	अनुरित
anuthi	अनूठी	अनूथी
anudit	अनूदित	अनुदित
anyaay	अन्याय	अन्याय
anyay	अन्याय	अन्याय
anyaya	अन्याय	अन्याय
apnani	अपनानी	अपनानी
aparivartanshali	अपरिवर्तनशील	अपरिवर्तनशाली
aparivartansheel	अपरिवर्तनशील	अपरिवर्तनशील
aparivartanshil	अपरिवर्तनशील	अपरिवर्तनशील
apariharya	अपरिहार्य	अपरिहारय
aprihary	अपरिहार्य	अप्रहररीय
apriyary	अपरिहार्य	अप्रियरी
apavartit	अपवर्तित	अपवर्तित
apvartit	अपवर्तित	अप्रवतित
apvtrit	अपवर्तित	अप््तृतित
apaardarshi	अपारदर्शी	अपररदर्शी
apardarshi	अपारदर्शी	अपररदर्शी
afroj	अफरोज	अफ्रोज
afroz	अफरोज	अफ्रोज
africa	अफ्रीका	अफ्रिका
abbaasi	अब्बासी	अब्बासी
abbasi	अब्बासी	अब्बासी
abhimat	अभिमत	अभिमत
abhishap	अभिशाप	अभिपास
abhi	अभी	अभि
amjhera	अमझेरा	अमझेरा
amzera	अमझेरा	अमजेरा
amargad	अमरगढ़	अमरगद
amargarh	अमरगढ़	अमरगढ़
amarpaal	अमरपाल	अमरपाल
amarpal	अमरपाल	अमरपाल
amarohi	अमरोही	अमरोही
amrohi	अमरोही	अमरोही
amaanat	अमानत	अमानत
amanat	अमानत	अमानत
amanth	अमानत	अमांठ
amaanati	अमानती	अमानती
amanathi	अमानती	अमानती
amanati	अमानती	अमानति
amavasya	अमावस्या	अमावस्य
amavsya	अमावस्या	अमावस्य
amit	अमित	अमित
amitao	अमिताव	अमिताओं
amitav	अमिताव	अमितव
amuk	अमुक	आमुक
amogh	अमोघ	अमोग
ambani	अम्बानी	अंबानी
ayodhyaanaath	अयोध्यानाथ	अयोजनाथम
ayodhyanaath	अयोध्यानाथ	अयोजनायवत
ayodhyanath	अयोध्यानाथ	अयोजनायवथ
ayodhyeanath	अयोध्यानाथ	अयोज्यानवथ
aradas	अरदास	अरादस
ardaas	अरदास	अर्दास
ardas	अरदास	आर्दास
arabab	अरबाब	अरबब
arbab	अरबाब	अर्बब
around	अराउंड	अराउंड
arjent	अर्जेंट	अर्जेंट
urgent	अर्जेंट	अर्जेंट
arth	अर्थ	आर्थ
artha	अर्थ	आर्था
earth	अर्थ	ईर्थ
earthquake	अर्थक्वेक	ईर्थकाल
arthon	अर्थों	आर्थों
arpit	अर्पित	अर्पित
aryama	अर्यमा	आर्यमा
aryma	अर्यमा	आर्माा
arymaa	अर्यमा	आर्माा
alankaar	अलंकार	अलंकार
alankar	अलंकार	अलंकर
alnkaar	अलंकार	अलंकार
alankaaron	अलंकारों	अलंकरों
alankaron	अलंकारों	अलंकरों
alnkaaron	अलंकारों	अलंकरों
alnkaron	अलंकारों	अलंकरों
alagavavadi	अलगाववादी	अलगाववादी
algavvadi	अलगाववादी	अलगवववादी
algavwaadi	अलगाववादी	अलगाववादी
alive	अलाइव	एलीवे
alance	अलायंस	अलंस
alayans	अलायंस	अलायंस
aliance	अलायंस	एलियेंस
alind	अलिंद	एलिंड
alai	अली	अलाई
ali	अली	एली
alii	अली	एली
alonso	अलोंसो	आलोसों
aloso	अलोंसो	आलोसो
alphabet	अल्फ़ाबेट	अल्फेबेट
alba	अल्बा	अलबा
avantipur	अवंतिपुर	अवंतीपुर
awantipora	अवंतिपुर	अवंतीपूरा
avaru	अवरु	अवरू
avru	अवरु	अवरू
awaru	अवरु	आवारु
avarodhak	अवरोधक	अवरोधक
avrodhak	अवरोधक	अवरोधक
avrodhk	अवरोधक	अवरोधक
avarnata	अवर्णता	अवर्णता
avarnataa	अवर्णता	अवर्णता
avranta	अवर्णता	अवरंता
avashist	अवशिष्ट	आवशिष्ट
avshisht	अवशिष्ट	अवशृष्ट
awashist	अवशिष्ट	आवशिष्ट
avasthaayen	अवस्थाएं	अवस्थाएं
avsthaen	अवस्थाएं	अवस्थाएं
avsthayen	अवस्थाएं	अवस्थाएं
awasthaen	अवस्थाएं	अवस्थाएं
avi	अवि	अवी
avika	अविका	अविका
aviral	अविरल	अविरल
avirl	अविरल	एवर्ल
avishvaasniy	अविश्वसनीय	अविश्वासनीय
avishvasniy	अविश्वसनीय	अविश्वासनीय
avishvasniya	अविश्वसनीय	अविश्वानय
avisvasniya	अविश्वसनीय	अविस्वानिया
aviva	अवीवा	अविवा
avaigyanic	अवैज्ञानिक	अवैज्ञानिक
avaigyanik	अवैज्ञानिक	अवैज्ञानिक
avegyanik	अवैज्ञानिक	अवेग्ञिनिक
ashaktataa	अशक्तता	आशकतता
ashktta	अशक्तता	अश्कता
asharaphi	अशरफी	आशरराही
ashrafi	अशरफी	आश्राफी
ashariri	अशरीरी	आशारिरी
ashriri	अशरीरी	आश्रीरी
ashrvatath	अश्वत्थ	अश्रवत्था
ashvtth	अश्वत्थ	अश्वत्थ
asamaany	असमान्य	असमान्य
asamany	असमान्य	असमान्य
asmanye	असमान्य	अस्मान्य
asaamnjsy	असामंजस्य	असामंजी
asamanjasy	असामंजस्य	असमंजस्य
asamanjasya	असामंजस्य	असमंजस्य
asurakshit	असुरक्षित	असुरक्षित
asurkshit	असुरक्षित	असुरक्षित
aset	असेट	असेत
asset	असेट	एसेट
asvabhavik	अस्वभाविक	अस्वाभाविक
aswabhavik	अस्वभाविक	अस्वाभाविक
aswbhavik	अस्वभाविक	अस्वभाविक
ahirauli	अहिरौली	अहिराली
item	आइटम	आईटम
items	आइटम्स	आइटम्स
idle	आइडल	आडलल
idol	आइडल	आईडल
icc	आइसीसी	आईसीसीीू
iso	आइसो	ईसो
ipc	आईपीसी	आईपीसीी
ipad	आईपैड	ईपाद
iris	आईरिस	आरिज
ounce	आउंस	ऊंस
aakaash	आकाश	आकाश
aakash	आकाश	आकाश
aake	आके	आके
aakhet	आखेट	आखेत
akhet	आखेट	अखेत
aagat	आगत	आगत
aagaman	आगमन	आगमन
aagman	आगमन	आगमन
aagaa	आग़ा	आगा
aagah	आग़ा	आगाह
agha	आग़ा	आघा
aagaashe	आगाशे	आगाशे
aagashe	आगाशे	आगाशे
agashe	आगाशे	अगाशे
aajmaanaa	आजमाना	आजमाना
aajmana	आजमाना	आजमाना
aazmaanaa	आजमाना	आजमाना
aata	आटा	आता
ata	आटा	अटा
atta	आटा	अट्टा
aatmayen	आत्माएं	आत्माएं
atmaen	आत्माएं	आत्माएं
aadaan	आदान	आदान
aadan	आदान	आदान
aadhaarit	आधारित	आधारित
aadharit	आधारित	आधारित
adharit	आधारित	आधारित
aadheen	आधीन	आधीन
aadhin	आधीन	आधिन
aadhunik	आधुनिक	आधुनिक
aanad	आनद	आनदद
aanand	आनद	आनंद
anand	आनद	आनंद
aapka	आपका	आपका
aapkaa	आपका	आपका
aapadaaaen	आपदाएं	आपदाएं
aapdaein	आपदाएं	आपदाएं
aapdayein	आपदाएं	आपदाएं
aabantit	आबंटित	आबंतित
abantit	आबंटित	अबंतित
aabru	आबरू	आबरू
abaru	आबरू	आबारू
aamdan	आमदन	आमदान
amadan	आमदन	आमादान
aamdani	आमदनी	आमदनी
amadani	आमदनी	अमादनी
aamdi	आमदी	आमदी
amdi	आमदी	अमदी
aamod	आमोद	आमोद
amod	आमोद	अमोद
aayenge	आयेंगे	आएंगे
aayojak	आयोजक	आयोजक
ro	आरओ	रो
rp	आरपी	आरपी
aaraam	आराम	आराम
aaram	आराम	आरम
aram	आराम	अरम
aarushi	आरुषि	आरुषी
arushi	आरुषि	आरुषी
artery	आर्टरी	आर्टेरी
order	आर्डर	ऑर्डर
aary	आर्य	आर्य
aarya	आर्य	आर्य
arya	आर्य	आर्य
aaryika	आर्यिका	आर्यिका
aryika	आर्यिका	आर्यिका
aarya	आर्यो	आर्य
arya	आर्यो	आर्य
aryo	आर्यो	आर्यो
aaryan	आर्यों	आर्यन
arya	आर्यों	आर्य
aryon	आर्यों	आर्यों
aalsi	आलसी	आलसी
alasi	आलसी	अलसी
aalochak	आलोचक	आलोचक
alochak	आलोचक	आलोचक
aalochakon	आलोचकों	आलोचकों
alochakon	आलोचकों	आलोचकों
aalha	आल्हा	आल्हा
aalhaa	आल्हा	आलहा
alha	आल्हा	अल्हा
allah	आल्हा	अल्हा
aawaazen	आवाज़ें	आवाजें
aawajen	आवाज़ें	आवाजें
awaazen	आवाज़ें	आवाजें
awazen	आवाज़ें	आवाजें
aawajon	आवाज़ों	आवाजों
aawazon	आवाज़ों	आवाजों
awaazon	आवाज़ों	आवाजों
awazon	आवाज़ों	आवाजों
aavishakaar	आविष्कार	आविषकार
aavishkaar	आविष्कार	आविष्कार
avishkar	आविष्कार	अविष्कार
aavriti	आवृत्ति	आवृति
aavritti	आवृत्ति	आवृत्ति
avuti	आवृत्ति	आवुती
aavritiyon	आवृत्तियों	आवृतियों
aavrittiyon	आवृत्तियों	आवृत्तियों
avrutiyon	आवृत्तियों	अवृत्तियों
aashanka	आशंका	आशंका
ashanka	आशंका	आशंका
aashriton	आश्रितों	आश्रितों
ashriton	आश्रितों	आश्रितों
aasaan	आसान	आसान
aasan	आसान	आसन
asan	आसान	असन
aastik	आस्तिक	आस्तिक
astik	आस्तिक	अस्तिक
aasteen	आस्तीन	आस्तिन
aastin	आस्तीन	आस्तिन
astin	आस्तीन	एस्टिन
aahnaan	आह्नान	आहनान
aahnan	आह्नान	आहनान
ahyan	आह्नान	आह्यान
england	इंग्लैंड	एंगलैंड
engineer	इंजिनियर	इंजीनियर
introduction	इंट्रोडक्शन	इंट्रोडक्शन
insurance	इंश्योरेंस	इनसर्ंस
ear	इअर	ईरर
eyer	इअर	एयर
eon	इआन	ईयन
iaan	इआन	ईईन
ekattha	इकट्ठा	इकट्ठा
ikattha	इकट्ठा	इकट्ठा
ekatthi	इकठ्ठी	एकत्ठी
ekthi	इकठ्ठी	इक्ठी
ikatthi	इकठ्ठी	इकट्ठी
ekaee	इकाई	एकाई
ikai	इकाई	ईकाई
ekaeyon	इकाईयों	एकाइयों
ikaiyon	इकाईयों	इकाइयों
ikarion	इकाईयों	इकररियों
economic	इकोनोमिक	इकोनोमिक
ecuador	इक्वाडोर	इक्यूडर
equador	इक्वाडोर	एक्वूदोर
equities	इक्विटीज	एक्यूटिस
ikvitija	इक्विटीज	इक्विद्ाई
ijaajat	इजाजत	इज़ाजत
ijajat	इजाजत	इज़ाजत
inhalation	इनहेलेशन	इन्हालेशन
inhaletion	इनहेलेशन	इन्हालेटन
ibija	इबीजा	इबिजा
ibiza	इबीजा	इबिजा
imaging	इमेजिंग	इमैजिंग
immune	इम्युन	इम्यून
elaichi	इलाइची	एलाइची
ilaichi	इलाइची	इलाइची
ilayachi	इलाइची	इलायची
ilayichi	इलाइची	इलायची
elaaj	इलाज	एलाज
ilaaj	इलाज	इलाज
ilaj	इलाज	इलाज
ishaak	इशाक	इशाक
ishaaq	इशाक	इशाक
ishak	इशाक	इशक
ishaara	इशारा	इशारा
ishaaraa	इशारा	इशारा
ishara	इशारा	इशारा
ishita	इशिता	ईशिता
isht	इष्ट	इष्ट
isteefe	इस्तीफे	इस्तीफ
istife	इस्तीफे	इस्टीफ
ea	ईए	ईएएए
ia	ईए	ईएएए
eater	ईटर	इटर
iter	ईटर	इटर
email	ईमेल	एमाइल
emailon	ईमेलों	एमाइलों
emelon	ईमेलों	एमलों
evening	ईवनिंग	एवेंग
east	ईष्ट	ईस्ट
ishat	ईष्ट	इश्त
isht	ईष्ट	इष्ट
isaaiyon	ईसाइयों	ईसाइयों
isaiyon	ईसाइयों	ईसाइयों
isayiyon	ईसाइयों	ईसाइयों
ikhrul	उखरुल	इखरुल
ukhrool	उखरुल	उखरूल
ukhrul	उखरुल	ऊखरुल
uchhalane	उछालने	उछलने
uchhalne	उछालने	उछलने
ujback	उज़्बेक	उजब्ग
uzbek	उज़्बेक	उज़बेग
uthane	उठने	उठाने
uthne	उठने	उठाने
uthaakar	उठाकर	उठाकर
uthakar	उठाकर	उठाकर
uthaapatak	उठापटक	उठापतक
uthapatak	उठापटक	उठपतक
uthen	उठें	उठें
udaan	उड़ान	उड़न
udan	उड़ान	उड़न
udaanaa	उड़ाना	उड़ना
udana	उड़ाना	उड़ना
udaane	उड़ाने	उड़ने
udane	उड़ाने	उड़ने
udaanen	उड़ानें	उड़ानें
udanen	उड़ानें	उड़नें
udaanon	उड़ानों	उड़ानों
udanon	उड़ानों	उड़नों
utane	उतने	उतने
utaney	उतने	उतने
utne	उतने	उतने
uttara	उत्तरा	उत्तरा
uttra	उत्तरा	उत्त्र
utpan	उत्पन	उत्पान
udant	उदंत	उदानत
udghosh	उदघोष	उद्घोष
udar	उदर	उदार
uda	उदा	उड़ा
udaa	उदा	उड़ा
udakishuganj	उदाकिशुनगंज	उदागिसांदुज
udakishunganj	उदाकिशुनगंज	उदागिसांदुज
unatees	उनतीस	उननेटस
untees	उनतीस	अंटीस
uniyal	उनियाल	यूनियाल
upadraviyon	उपद्रवियों	उपद्रवीयों
updravion	उपद्रवियों	उपद्रवीं
updraviyon	उपद्रवियों	उपद्रवीयों
upadravi	उपद्रवी	उपद्रवी
updravi	उपद्रवी	उपद्रवी
upadrawon	उपद्रवों	उपद्रवों
updravon	उपद्रवों	उपद्रवों
upneta	उपनेता	उपनेता
upabhokta	उपभोक्ता	उपभोक्ता
upbhokta	उपभोक्ता	उपभोक्ता
uplaksh	उपलक्ष्य	उपलक्ष
uplakshay	उपलक्ष्य	उपलक्षय
uplakshya	उपलक्ष्य	उपलक्ष्य
uplabdh	उपलब्ध	उपलब्ध
uplabdhiyon	उपलब्धियों	उपलब्धियों
uplabdhi	उपलब्धी	उपलब्धि
upakhyaanon	उपाख्यानों	उपख्यानों
upakhyanon	उपाख्यानों	उपख्यानों
ubuntu	उबंटू	उबूनतू
ubaal	उबाल	उबाल
ubal	उबाल	उबल
ubhaara	उभारा	उभारा
ubhara	उभारा	उभारा
umanath	उमानाथ	उमानत
umesh	उमेश	उम्ेेश
urf	उर्फ	यूफ्फ
urfa	उर्फ	ऊर्फा
urff	उर्फ	यर्फ
urvarakon	उर्वरकों	उर्वरकों
urvarkon	उर्वरकों	उर्वरकों
urwarakon	उर्वरकों	उर्वरकों
urvarata	उर्वरता	उर्वरता
urvarta	उर्वरता	उर्वर्ता
urwarta	उर्वरता	उर्वरता
ulate	उलटे	उलते
ulte	उलटे	उल्े
ulahana	उलाहना	उलानाा
ulahna	उलाहना	उलझना
ulema	उलेमा	उल्मेमा
ulemaon	उलेमाओं	उल्मेएं
usak	उसक	उसक
usaki	उसकी	उसकी
uski	उसकी	उसकी
usmein	उसमें	उस्में
usmen	उसमें	उस्में
usi	उसी	यूएसी
ustara	उस्तरा	उस्तरा
udharv	ऊर्ध्व	उधर्व
udhrva	ऊर्ध्व	उध्रवव
urdhav	ऊर्ध्व	उर्धव
ushma	ऊष्मा	उष्मा
rishicool	ऋषिकुल	रिशिकूल
rishikul	ऋषिकुल	ऋषिकुल्ल
rushikul	ऋषिकुल	ऋषिकुल
enzyme	एंजाइम	एंजीम
anton	एंटोन	एंटन
entone	एंटोन	एंटन
antoni	एंटोनी	एंटोनी
antony	एंटोनी	एंटोनी
endometrial	एंडोमेट्रियल	एंडमोट्रियल
andreas	एंड्रियास	एंड्रियस
als	एएलएस	एल्स
asi	एएसआई	एसी
eksaath	एकसाथ	एकसाथ
eksath	एकसाथ	एकस्थ
ekaki	एकाकी	एकाकी
xm	एक्सएम	एक्मम
egmor	एगमोर	एगमर
egmore	एगमोर	एगमोर
aj	एजे	अज
agende	एजेंडे	एजेंडे
adp	एडीपी	एडीपीी
adain	एडेन	अदैन
aden	एडेन	आड़ें
edan	एडेन	एडन
addi	एड्डी	एडीी
eddi	एड्डी	एडडी
eddie	एड्डी	एड्ी
eddy	एड्डी	एडडी
apj	एपीजे	अपज
ftii	एफटीआईआई	एफटीआईी
abbott	एबट	अब्बूट
abut	एबट	अबूट
ebt	एबट	एबीटीी
abvp	एबीवीपी	अबीपीपी
abbot	एबोट	अब्बोत
abbott	एबोट	अब्बूट
mta	एमटीए	एमटा
mtake	एमटेक	मटके
mtec	एमटेक	मेटेकीी
mtech	एमटेक	मटेच
emerald	एमरल्ड	एमरैल्ड
emrald	एमरल्ड	एमरॉल्ड
emil	एमिल	एमिल
emile	एमिल	एमिले
emily	एमिल	एमिली
amy	एमी	अम्य
emi	एमी	एमी
airway	एयरवे	एयरवे
eyarave	एयरवे	एयरवे
eyarve	एयरवे	एयरवे
error	एरर	एररर
arica	एरिका	एरिका
erica	एरिका	एरिका
erika	एरिका	एरिका
aerobic	एरोबिक	एयरबोकिक
aerobics	एरोबिक	एयरबॉक्सस
lte	एलटीई	लेट
lti	एलटीई	एलटीी
allergic	एलर्जिक	एलेर्गिक
eliminator	एलिमिनेटर	एलिमियेंटर
aliens	एलियंस	एलियंस
alliance	एलियंस	एलाइंस
asian	एशियन	एशियां
sfc	एसएफसी	एसएीसी
sk	एसके	एससी
spf	एसपीएफ	एसपीएफ
association	एसोसिएशन	एसोसिएसन
astar	एस्टर	अस्तर
aster	एस्टर	एस्टर
ester	एस्टर	एस्टर
aesthetics	एस्थेटिक	एस्थेटिक्स
asthetic	एस्थेटिक	एस्थेतिक
asfalt	एस्फाल्ट	असफलल्ट
asphalt	एस्फाल्ट	अस्फालत
asphault	एस्फाल्ट	असफोल्ट
ahsaas	एहसास	अहसास
ehsaas	एहसास	एहसास
ehsas	एहसास	एहसास
aisa	एेसा	ऐसा
eesa	एेसा	ईसा
ainth	ऐंठ	ऐंठ
end	ऐंठ	ऐंड
enth	ऐंठ	ऐंठ
ainthey	ऐंठे	ऐंठे
enthe	ऐंठे	ऐंठे
aithan	ऐठन	ऐंठन
ethan	ऐठन	ऐथन
ethhan	ऐठन	ऐठान
ail	ऐल	ऐल
el	ऐल	एल
alaps	ऐल्प्स	अलंपस
alps	ऐल्प्स	एल्प्स
aise	ऐसे	एसस
oxide	ऑक्साइड	ऑक्सीड
oxy	ऑक्सी	ऑक्सी
offers	ऑफर्स	ऑफर्स
offshor	ऑफशोर	ऑफरोसर
offshore	ऑफशोर	ऑफरोचर
official	ऑफिशियल	ऑफिसिलल
okalahoma	ओकलाहोमा	ओकललहमा
oklahoma	ओकलाहोमा	ऑक्लहहममा
oklahoma	ओक्लाहोमा	ऑक्लहहममा
ot	ओत	ओट
opel	ओपेल	ओपेल
obrayan	ओब्रायन	औबरायन
obrien	ओब्रायन	ओबररिन
oran	ओरण	ओरन
orian	ओरियन	ओरियन
orion	ओरियन	ओरियों
olavrishti	ओलावृष्टि	ओलावृष्टि
ovum	ओवम	ओवूम
owem	ओवम	ओवम
oceanic	ओशनिक	यूनिएकिक
osaka	ओसाका	ओसका
auchity	औचित्य	ऑच्टीी
auchitya	औचित्य	औचित्य
audhyogikaran	औद्योगिकरण	औद्योगिकरण
audyogikarana	औद्योगिकरण	औद्योगिकरण
audyogikikaran	औद्योगिकरण	औद्योगिकरण
aurangabad	औरंगाबाद	औरंगाबाद
aurora	औरोरा	यरोरा
aulakh	औलख	औलख
kankad	कंकड़	कंकड़
kankar	कंकड़	काककर
kankad	कंकर	कंकड़
kankar	कंकर	काककर
kangan	कंगन	कागन
conjunction	कंजंक्शन	कन्जस्टन
contemporary	कंटेम्पररी	कन्ट्रफेपरी
kanthahar	कंठहार	कंठहार
kanthhar	कंठहार	कंठहार
composer	कंपोजर	कंपपोसर
kambalon	कंबलों	कंबलों
kanblon	कंबलों	कांबों
consultant	कंसलटेंट	कंस्लुंटटट
kakkad	कक्कड़	कक्कड़
kakkar	कक्कड़	ककककर
kacche	कच्चे	कच्छे
kachche	कच्चे	कच्छे
karta	कटरा	करता
katra	कटरा	कत्र
cutlery	कटलरी	कटरली
katlari	कटलरी	कतलररी
katlary	कटलरी	कतलररी
katasaraj	कटासराज	कटासराज
kathfodave	कठफोड़वे	कठहोोवासे
kathfodve	कठफोड़वे	कठखोरवे
kathor	कठोर	कठोर
kathore	कठोर	कठोरे
kanika	कणिका	कनिका
kathai	कत्थई	कथाई
katthai	कत्थई	कट्ठाई
katthaii	कत्थई	कट्ठाई
convention	कनवेंशन	कन्वेशन
canals	कनाल	कैनल्स
kanaal	कनाल	कनाल
kanal	कनाल	कनाल
kanindham	कनिंघम	कानिंधम
kaningham	कनिंघम	कनिंघम
kanishthika	कनिष्ठिका	कनिष्ठिका
kanishthikaa	कनिष्ठिका	कनिष्ठिका
kanishtika	कनिष्ठिका	कनिष्टिका
kanyaayen	कन्याएं	कन्याएं
kanyaein	कन्याएं	कन्याएं
kanyayen	कन्याएं	कन्याएं
convention	कन्वेंशन	कन्वेशन
convocation	कन्वोकेशन	कन्वोट्शन
cup	कप	कपप
kap	कप	कप
kapda	कपड़ा	कपड़ा
kpada	कपड़ा	कपाड़ा
kapdo	कपड़ो	कपड़ों
kapdon	कपड़ो	कपड़ों
kaping	कपिंग	कपींग
kping	कपिंग	क्पिंग
kapolkalpana	कपोलकल्पना	कपलोगपालना
kabaddi	कबड्डी	कबादड़ी
kabr	कब्र	काबर
kabra	कब्र	कबरा
kabren	कब्रें	कबरें
kabron	कब्रों	काबरों
kamjor	कमज़ोर	कमजोर
kamzor	कमज़ोर	कमजोर
kamatar	कमतर	कमातर
kamtar	कमतर	कमतर
kalamjeet	कमलजीत	कलमजीत
kamaljeet	कमलजीत	कमजलीत
kamaauu	कमाऊ	कमाऊ
kamau	कमाऊ	कमाऊ
kamaate	कमाते	कमाते
kamate	कमाते	कमाते
kamere	कमेरे	कमेरे
kmere	कमेरे	कमरे
karanj	करंज	करणज
kranj	करंज	क्रांज
karanjiya	करंजिया	करणजीय
kardhe	करघे	कर्धे
karghe	करघे	कार्घे
karachana	करछना	कराचना
karchhana	करछना	कर्छना
karna	करना	कर्ना
karpatri	करपात्री	कर्पत्री
karam	करम	करम
karoor	करूर	करूर
karur	करूर	करुर
karnataka	कर्नाटका	कर्नाता
karvi	कर्वी	करवी
kurvi	कर्वी	कुर्वी
kalmein	कलमें	कल्में
kalmen	कलमें	कल्में
kalraj	कलराज	कलराज
kalika	कलिका	कलिका
kalpanaon	कल्पनाओं	कल्पनाओं
kalpnaon	कल्पनाओं	कल्पनाओं
kavvaliyon	कव्वालियों	कववालियों
qawwaliyon	कव्वालियों	कव्वालियों
kavvali	कव्वाली	कवववली
qawwali	कव्वाली	कव्वाली
kashton	कष्टों	कष्टों
kasarat	कसरत	कसरत
kasrat	कसरत	कसरत
kasara	कसारा	कसरा
kasida	कसीदा	कसीदा
kahane	कहने	कहने
kahne	कहने	कहने
kahlaya	कहलाया	कहलाया
kahaniyon	कहानियों	कहानियों
kile	क़िले	कीले
kanji	कांजी	कंजी
cant	कांट	कैंट
kant	कांट	कंट
kanti	कांति	कांटी
kakoo	काकू	काकू
kaku	काकू	काकू
kaagaj	कागज़	कागज
kaagaz	कागज़	कागज़
kagaj	कागज़	कागजज
kagaz	कागज़	कागज़
kaaji	काजी	काज़ी
kaji	काजी	काजी
kazi	काजी	काज़ी
qazi	काजी	काज़ी
kajoo	काजू	काजू
kaju	काजू	काजू
kapadi	कापड़ी	कपड़ी
kapdi	कापड़ी	कपड़ी
kamraj	कामराज	कमराज
kamottejana	कामोत्तेजना	कमोत्ताजना
kamottejna	कामोत्तेजना	कमोत्ताजन
kailana	कायलाना	कैलना
kaylana	कायलाना	कालना
carfi	कार्की	कारफी
karki	कार्की	कार्की
kartik	कार्तिक	कार्टिक
karyakartaon	कार्यकर्ताओं	कार्यकर्ताओं
karykartaaon	कार्यकर्ताओं	कार्यकर्ताओं
karykartaon	कार्यकर्ताओं	कार्यकर्ताओं
karyabhar	कार्यभार	कार्यभार
karybhar	कार्यभार	कार्यभर
karyarat	कार्यरत	कार्यारत
karyrat	कार्यरत	कार्यात
kaalpi	कालपी	कालपी
kalapi	कालपी	कललपी
kalpi	कालपी	कल्पी
kalika	कालिका	कलिका
kalighat	कालीघाट	कलिघात
coldvel	काल्डवेल	कोल्डवेल
kaldvel	काल्डवेल	कल््वेल
kaldwell	काल्डवेल	काल्वबेल
kaav	काव	काव
kav	काव	काव
kaasht	काश्त	काश्ट
kasht	काश्त	कषष्ट
kasim	कासिम	कसीम
qasim	कासिम	कससिम
kasimabad	कासिमाबाद	कससीमाबाद
kiya	किया	किया
kiliyan	किलियन	किलियां
killat	किल्लत	किल्लत
killi	किल्ली	किल्ली
kisaani	किसानी	किसानी
kisani	किसानी	किसनी
kisanon	किसानों	किसनों
keede	कीड़े	कीडे
kide	कीड़े	कीडे
keynote	कीनोट	केनोटे
kinote	कीनोट	किनोटे
kiratpur	कीरतपुर	किरातपुर
kundal	कुंडल	कुंडल
kundaliya	कुंडलियाँ	कुंडलिया
kundaliyan	कुंडलियाँ	कुंडलियों
kutta	कुत्ता	कुट्टा
kuposhit	कुपोषित	कुपोषित
kumau	कुमाऊ	कुमाू
kumavat	कुमावत	कुमावत
kumawat	कुमावत	कुमावत
kural	कुराल	कुराल
kurmi	कुर्मी	कुर्मी
kursiyon	कुर्सियों	कुर्सियों
kush	कुश	कुश
kushaan	कुषाण	कुशान
kushan	कुषाण	कुशान
kusumalataa	कुसुमलता	कुसुमाताा
kusumalta	कुसुमलता	कुसुमलता
kusumlata	कुसुमलता	कुसुमलता
koot	कूट	कूट
kut	कूट	कूट
kritika	कृतिका	कृतिका
kpo	केपीओ	कपो
canterbari	कैंटरबरी	कैंटरबरी
canterbury	कैंटरबरी	कैंटरबी
candidate	कैंडिडेट	कैंडिटेट
katrina	कैटरीना	कतरीना
caitlyn	कैटलिन	कैटलिन
cateline	कैटलिन	कैटलिन
catlin	कैटलिन	कैटलिन
cadmium	कैडमियम	केडमियम
catholic	कैथोलिक	कैथलिक
catholicon	कैथोलिकों	कैथलिनिकों
kaetholikon	कैथोलिकों	कैथलोकियों
capacitor	कैपेसिटर	कैपेक्टर
carat	कैरेट	कारत
cavity	कैविटी	कैविटी
cavalry	कैवेलरी	कैवरली
kaivelari	कैवेलरी	कैइवरेली
complex	कॉम्प्लेक्स	कॉप्लेस्स
kocchi	कोच्चि	कोच्ची
kochi	कोच्चि	कोची
corridor	कोरिडोर	कोरीडोर
corolla	कोरोला	कोरोला
korola	कोरोला	कोरोला
caolan	कोलन	कौलन
colan	कोलन	कोलन
colon	कोलन	कोलों
calling	कोलिंग	कैलिंग
koling	कोलिंग	कोलिंग
colorado	कोलोराडो	कोरोडो
kolorado	कोलोराडो	कोलोरोडो
kaushal	कौशल	कौशल
kaushalata	कौशलता	कौशलता
kaushalta	कौशलता	कौशलता
kaushambi	कौशाम्बी	कौशंबी
cute	क्यूट	कूटे
quete	क्यूट	क्वेट
cube	क्यूब	कुयेब
cubeck	क्यूबेक	क्बेक
quebec	क्यूबेक	क्वेबक
cubes	क्यूब्स	क्यूबेस
krantiyon	क्रांतियों	क्रंतियों
cric	क्रिक	क्रिक
crick	क्रिक	क्रिक
cricket	क्रिकेट	क्रिकेट
cricketer	क्रिकेटर	क्रिकेटर
cricketing	क्रिकेटिंग	क्रिकेटिंग
kriyayog	क्रियायोग	क्रियायोग
christian	क्रिश्चयन	क्रिस्टियन
kruger	क्रूगर	क्रूजर
craig	क्रेग	क्रेग
creg	क्रेग	क्रेग
cradle	क्रैडल	क्रेडल
chrom	क्रोम	क्रोम
chrome	क्रोम	क्रोम
client	क्लांइट	क्लींट
clock	क्लाक	क्लॉक
clasen	क्लासें	क्लेसन
classen	क्लासें	क्लासेन
classon	क्लासों	क्लासों
clay	क्ले	क्ले
claris	क्लेरिस	क्लेरिस
cleris	क्लेरिस	क्लेरिजस
clerys	क्लेरिस	क्लेरीज
quantico	क्वांटिको	क्वांटिको
queens	क्वींस	क्वींस
kshitij	क्षितिज	क्षतिबीज
shitij	क्षितिज	शितीज
kshin	क्षीण	क्षिण
shin	क्षीण	शिन
kshetron	क्षेत्रों	क्षेत्रों
shetron	क्षेत्रों	क्षेत्रों
khand	खंडा	खांड
khanda	खंडा	खंडा
khachakhach	खचाखच	खचखखे
khajarana	खजराना	खजरराना
khajraana	खजराना	खजराना
khajrana	खजराना	खजराना
khatakati	खटकती	खटकती
khatakti	खटकती	खटकती
kihatkati	खटकती	कीखतताती
khattapan	खट्टापन	खट्टापन
khat	खत	खात
khani	खनि	खानी
khanik	खनिक	खानिक
khanikarm	खनिकर्म	खानिकर्म
khanikarma	खनिकर्म	खानिकर्मा
khanikarmi	खनिकर्म	खानिकारमी
khapat	खपत	खपट
khariya	खरिया	खरिया
khalnayak	खलनायक	खलनायक
khaaskar	ख़ासकर	खासकर
khaskar	ख़ासकर	खासकर
khaastaur	ख़ासतौर	खास्तौर
khastaur	ख़ासतौर	खस्तौर
khaibar	ख़ैबर	खैबर
khyber	ख़ैबर	खेबर
khaein	खाएं	खाएं
khaen	खाएं	खाएं
khayen	खाएं	खायें
khaate	खाते	खाते
khaatey	खाते	खाते
khate	खाते	खाते
khal	खाल	खाल
khinchakar	खिंचकर	खिंचकर
khinchkar	खिंचकर	खिंचकर
khilana	खिलाना	खिलना
khinchkar	खींचकर	खिंचकर
khuda	खुदा	खुदा
khudai	खुदाई	खुदाई
khurapka	खुरपका	खुरापका
khurpaka	खुरपका	खुरपाा
khurasan	खुरासान	खुरासन
khushiyan	खुशियां	खुशियां
khene	खेने	खेने
khaini	खैनी	खानी
khairati	खैराती	खैरती
khoikhoi	खोईखोई	खोईखी
khoya	खोया	खोया
gangrel	गंगरेल	गंगररल
gangaajal	गंगाजल	गंगाजल
gangajal	गंगाजल	गंगाजल
gandaki	गंडकी	गंदकी
gandki	गंडकी	गंदकी
gandh	गंध	गंध
gandha	गंध	गंधा
gae	गए	गाए
gaye	गए	गाये
gajara	गजरा	गजरा
gajra	गजरा	गजरा
gadkar	गडकर	गड़कर
ganapati	गणपति	गणपति
ganpati	गणपति	गणपती
gatisheel	गतिशील	गतिशील
gatishil	गतिशील	गतिशिली
gatishilata	गतिशीलता	गतिशिलता
gadadhar	गदाधर	गड़ार
gammat	गम्मत	गममात
gaya	गया	गाया
garibi	गरीबी	गरीबी
garjana	गर्जना	गर्जना
galgand	गलगंड	गलगंदद
gahmagahmi	गहमागहमी	गहमगंमी
gemhagehmi	गहमागहमी	जेमगंहीमी
ganguly	गांगुली	गंगुल्य
gaanth	गांठ	गांठ
ganth	गांठ	गंंठ
gaanthe	गांठे	गांठे
ganthe	गांठे	गंठे
ganthen	गांठें	गंठें
ganthon	गांठों	गंठों
gaen	गाएं	गाएं
gayen	गाएं	गायें
gazi	गाज़ी	गाजी
gajipur	गाजीपुर	गाजीपुर
gazipur	गाजीपुर	गाजीपुर
gayatri	गायत्री	गायत्री
gayitri	गायत्री	गायतिरी
gaytri	गायत्री	गायत्री
gidgidate	गिड़गिड़ाते	गिडगीड़ते
ginate	गिनते	गिनते
ginte	गिनते	गिंते
girkar	गिरकर	गिरकर
girijaghar	गिरजाघर	गिरिजाघर
girjaghar	गिरजाघर	गिरजाघर
girijagharon	गिरजाघरों	गिरिजारों
girjagharon	गिरजाघरों	गिरजाराहों
girati	गिरती	गिरती
girti	गिरती	गिरती
girish	गिरीश	गिरिश
guan	गुआन	गुवान
gujar	गुजार	गुजर
gujarata	गुजारता	गुजरता
gujarta	गुजारता	गुजरता
gujarate	गुजारते	गुजराते
gujarte	गुजारते	गुजराते
gujarana	गुजारना	गुजराना
gujarna	गुजारना	गुजररणा
gujara	गुजारा	गुजरा
gujare	गुजारे	गुजरे
gutta	गुट्टा	गुट्ता
gthalidar	गुठलीदार	ग्लारीजार
guthalidar	गुठलीदार	गुथलीदार
gudna	गुदना	गुदना
gumaan	गुमान	गुमान
guman	गुमान	गुमान
gulshan	गुलशन	गुलशान
gunga	गूंगा	गुंगा
grihnagar	गृहनगर	गृहनागर
gruhnagar	गृहनगर	गृहनागर
galaxion	गैलेक्सियों	गैलक्सियों
galaxiyon	गैलेक्सियों	गललक्सियों
galaxyon	गैलेक्सियों	गललक्सियों
gochar	गोचर	गोचार
gouchar	गोचर	गोचार
godara	गोदारा	गोदारा
gopichand	गोपीचंद	गोपिचंदद
gomake	गोमके	गोमके
gomke	गोमके	गोमके
goel	गोयल	गोएल
goyal	गोयल	गोयल
gosvaami	गोस्वामी	गोस्वामी
gosvami	गोस्वामी	गोस्वामी
goswami	गोस्वामी	गोस्वामी
gaumukh	गौमुख	गौमुख
gomukh	गौमुख	गोमुख
gaumutr	गौमूत्र	गौमतूर
gaumutra	गौमूत्र	गौमत्र
gowmutra	गौमूत्र	गोमुत्र
granthiyaan	ग्रंथियां	ग्रंथियां
granthiyan	ग्रंथियां	ग्रंथियों
grandhiyon	ग्रंथियों	ग्रांधियों
granthiyon	ग्रंथियों	ग्रंथियों
greest	ग्रीस्ट	ग्रीस्ट
greist	ग्रीस्ट	ग्रीस्ट
grist	ग्रीस्ट	ग्रिस्ट
greg	ग्रेग	ग्रेग
granite	ग्रेनाइट	ग्रेनेट
grenite	ग्रेनाइट	ग्रेनेट
grandson	ग्रैंडसन	ग्रेंडसों
gross	ग्रॉस	ग्रोस
ghataatop	घटाटोप	घटातपूप
ghatatop	घटाटोप	घटटतूप
ghataayaa	घटाया	घटाया
ghataya	घटाया	घटाया
ghanakar	घनाकार	घनाकर
ghabrahat	घबराहट	घबराभाट
ghasi	घासी	घासी
ghisai	घिसाई	घिसाई
ghisi	घिसी	घिसी
ghise	घिसे	घिसे
ghumakkadi	घुमक्कड़ी	घुमक्कादी
ghumakkdi	घुमक्कड़ी	घुमक््दी
ghumakkadon	घुमक्कड़ों	घुमाकाड़ों
ghumakkaron	घुमक्कड़ों	घुमाक्राों
ghumakkdon	घुमक्कड़ों	घुमाक्रोजों
ghummakkadon	घुमक्कड़ों	घुम्मकादलों
ghumaan	घुमाण	घुमान
ghuman	घुमाण	घुमान
ghoonsa	घूंसा	घूंसा
ghunsa	घूंसा	घूंसा
ghongha	घोंघा	घोंघा
ghontane	घोंटने	घोंटने
ghontne	घोंटने	घोंटने
ghot	घोट	घोट
ghodi	घोड़ी	घोड़ी
ghost	घोस्ट	घोस्ट
changul	चंगुल	चंगुल
chand	चंद	चांड
chandan	चंदन	चंदन
chandana	चंदन	चंदना
chandu	चंदू	चंदू
chandon	चंदों	चंदों
chandrabali	चंद्रबली	चंद्रबाजी
chandramaon	चंद्रमाओं	चंद्रमाओं
chakatte	चकत्ते	चकत्ते
chaktte	चकत्ते	चक्ते
chakkar	चक्कर	चक्कर
chkkar	चक्कर	चक्कर
chakshu	चक्षु	चक्षु
chatagaon	चटगांव	चटगगाओं
chatgaon	चटगांव	चटगगाओं
chadhane	चढ़ने	चढ़ाने
chadhne	चढ़ने	चढ़ने
chaturdik	चतुर्दिक	चतुर्दिक
chatunshkoniy	चतुष्कोणीय	चतुनुक्चकीय
chatushkoniy	चतुष्कोणीय	चतुक्षकोली
chatushkoniya	चतुष्कोणीय	चतुक्षकलय
channa	चन्ना	चानना
chabate	चबाते	चबते
chabutare	चबूतरे	चबूतरे
chabutre	चबूतरे	चबूत्रे
chamakna	चमकना	चमकना
chamkana	चमकना	चमकना
charas	चरस	चारस
charit	चरित	चरित
charcha	चर्चा	चर्चा
churcha	चर्चा	चुरचाा
charchaon	चर्चाओं	चर्चाओं
chalenge	चलेंगे	चलेंगे
chlenge	चलेंगे	क्लेंगे
chahunaur	चहुंओर	चाहुनौर
chahunor	चहुंओर	चाहुनौर
chanval	चांवल	चंवाल
chanwal	चांवल	चंवल
chachaji	चाचाजी	चचज़ी
chadar	चादर	चददार
chadaron	चादरों	चददारों
chadron	चादरों	चद्रों
chan	चान	चैन
chanan	चानन	चनन
chaplusi	चापलूसी	चैपलूसी
chayal	चायल	चायल
char	चार	चार
charon	चारों	चारों
charge	चार्ज	चार्ज
chart	चार्ट	चार्ट
charton	चार्टों	चार्टन
charts	चार्ट्स	चार्ट्स
chaalit	चालित	चालित
chalit	चालित	चलित
chikitsak	चिकित्सक	चिकित्सक
chikitsakon	चिकित्सकों	चिकित्सकों
chikhali	चिखली	चिखली
chiththi	चिट्ठी	चित्ती
chitthi	चिट्ठी	चित्ती
chithhi	चिठ्ठी	चिठ्ठी
chiththi	चिठ्ठी	चित्ती
chitthi	चिठ्ठी	चित्ती
chidchidapan	चिडचिडापन	चिड़चिड़ेपन
chidchidapan	चिड़चिड़ापन	चिड़चिड़ेपन
chidhate	चिढ़ते	चिढ़ते
chidhte	चिढ़ते	चिड़ते
chithrkar	चित्रकार	चित्रकर
chitrkar	चित्रकार	चित्रकार
chipakane	चिपकने	चिपकने
chipakne	चिपकने	चिपकने
chipkane	चिपकने	चिपकने
chimati	चिमटी	चिमती
chimti	चिमटी	चिमती
chillane	चिल्लाने	चिलने
chee	ची	ची
chi	ची	चीआ
chuka	चुका	चुका
chune	चुने	चुने
chunar	चूनर	चुनार
changed	चेंज्ड	चेंगेड
chetti	चेट्टी	चेत्ती
chennai	चेन्नई	चेनाई
chero	चेरो	चेरो
chest	चेस्ट	चेस्ट
championship	चैंपियनशिप	चैंपिशिप
chor	चोर	चोर
choro	चोरों	चोरो
choron	चोरों	चोरों
chauk	चौक	चौक
chowk	चौक	चोक
chauka	चौका	चौका
chuka	चौका	चुका
chaukiyan	चौकियां	चौकियां
chauki	चौकी	चौकी
chaukhate	चौखटे	चौखते
chauguni	चौगुनी	चौगुनी
chauda	चौड़ा	चौड़ा
chaudah	चौड़ा	चौदाह
chaudahavan	चौदहवां	चौहाववान
chaudhavan	चौदहवां	चौधववन
chaudhawan	चौदहवां	चौधवान
chaupati	चौपाटी	चौपति
chupaty	चौपाटी	चुपट्य
chaupal	चौपाल	चौपाल
chaurai	चौरई	चौराई
chausinga	चौसिंगा	चौसिंगा
chausingha	चौसिंगा	चौसिंघा
chhagan	छगन	छागन
chhabi	छबि	छबी
chhalla	छल्ला	छल्ला
chhallaa	छल्ला	छल्ला
chhaviyaan	छवियाँ	छवियां
chhaviyan	छवियाँ	छवियां
chhavi	छवी	छवी
cheh	छह	चेह
chhah	छह	छाह
chehon	छहों	चेहों
chhahon	छहों	छाहों
chhai	छाई	छाई
chhagla	छागला	छागला
chhajan	छाजन	छज़ान
chhaati	छाती	छाती
chhati	छाती	छती
chhaapemaar	छापेमार	छापामार
chhapemar	छापेमार	छपपममर
chheenk	छींक	छींक
chhink	छींक	छींक
chink	छींक	चिंक
chenkein	छींके	चेंकें
chhekein	छींके	छेकें
chhinke	छींके	छींके
chhinky	छींके	छींकी
chinke	छींके	चिंके
chhudaane	छुडाने	छुड़ाने
chhudane	छुडाने	छुड़ने
chhupakar	छुपकर	छुपकर
chhupkar	छुपकर	छुपकर
chhupkr	छुपकर	छुपकर
chhupata	छुपता	छुपता
chhupta	छुपता	छुपता
chhuptaa	छुपता	छुपता
chhura	छुरा	छुड़ा
chhuraa	छुरा	छुड़ा
chhuree	छुरी	छुरी
chhuri	छुरी	छुरी
chhure	छुरे	छुरे
chhootane	छूटने	छूटने
chhutane	छूटने	छुटने
chhutne	छूटने	छुटने
chheter	छेत्र	छेतर
chhetr	छेत्र	छेत्र
chhetter	छेत्र	छेत्र
chhetri	छेत्री	छेत्री
chhetthari	छेत्री	छेत्राही
chhetthri	छेत्री	छेत्रथी
chai	छै	चाई
chhai	छै	छाई
chhe	छै	छे
jagaega	जगाएगा	जगागा
jagayega	जगाएगा	जगाएगा
jaghaega	जगाएगा	जगगेगा
jgaayega	जगाएगा	जगाएगा
jgayegaa	जगाएगा	जजाएगा
jajaon	जजों	जाजाओं
jajon	जजों	जाज़ों
jad	जड़	जड़
jadd	जड़	जड़
jaddit	जड़ित	जड़ीत
jadeite	जड़ित	जड़ेते
jadet	जड़ित	जड़ेट
jadit	जड़ित	जादित
jadein	जड़ें	जड़ें
jaden	जड़ें	जड़ें
jatara	जतरा	जतरा
jatra	जतरा	जात्रा
jataati	जताती	जताती
jatatee	जताती	जततती
jatati	जताती	जततती
janagananaa	जनगणना	जनगगना
janaganna	जनगणना	जनगगना
jangadnaa	जनगणना	जागंदना
janganana	जनगणना	जंगनाना
janganna	जनगणना	जंगनाना
janajagran	जनजागरण	जनजार्जन
janjaagran	जनजागरण	जनजार्जन
janjagran	जनजागरण	जनजगररण
january	जनवरी	जननुर्य
janahaani	जनहानि	जनहानी
janahani	जनहानि	जनहानी
janhaani	जनहानि	जनहानी
janhani	जनहानि	जनहानी
jnhaani	जनहानि	जनहानी
jamaate	जमाती	जमाते
jamaati	जमाती	जमाती
jamati	जमाती	जमती
jamaaya	जमाया	जमाया
jamaeya	जमाया	जमाया
jamaya	जमाया	जमाया
jamayaa	जमाया	जमाया
jamuai	जमुई	जमुमई
jamuei	जमुई	जममी
jamui	जमुई	जममी
jai	जय	जाई
jay	जय	जाय
jaidayal	जयदयाल	जादराल
jayadayal	जयदयाल	जायदालय
jaydayal	जयदयाल	जायदालय
jaibaan	जयबाण	जैबान
jaiban	जयबाण	जैबन
jaybaan	जयबाण	जयबान
jayalalita	जयललिता	जयललीता
jayalalitaa	जयललिता	जयलगीता
jayalalithaa	जयललिता	जयलगीहा
jaylalita	जयललिता	जाल्लाता
jarakh	जरख	जरख
zarakh	जरख	जराख
jarda	जर्दा	जर्दा
jardaa	जर्दा	जरदा
zarda	जर्दा	जर्दा
jalagati	जलगति	जलगती
jalgati	जलगति	जलगती
jalgti	जलगति	जलगती
jalte	जलते	जलते
jalbharav	जलभराव	जलभर्वा
jalbhraav	जलभराव	जलभर्वा
jalbhrav	जलभराव	जलभर्व
jalvaayu	जलवायु	जलवायु
jalvayu	जलवायु	जलवायु
jalesar	जलेसर	जालेसर
jasmeet	जसमीत	जस्मीत
jasmit	जसमीत	जस्मित
jassee	जस्सी	जससी
jassi	जस्सी	जासी
jamaanaa	ज़माना	जमाना
jamana	ज़माना	जमाना
zamaanaa	ज़माना	जमाना
zamana	ज़माना	जमाना
jaljale	ज़लज़ले	जलजले
zalzale	ज़लज़ले	जलजले
zee	ज़ी	जी
jubaan	ज़ुबान	जुबान
juban	ज़ुबान	जुबनन
zuban	ज़ुबान	जुबनन
jaanch	जाँच	जांच
jaaunch	जाँच	जाउंच
janch	जाँच	जांच
jaunch	जाँच	जांच
jaagriti	जागृति	जागृति
jagriti	जागृति	जागृति
jagruti	जागृति	जागृति
jajamau	जाजमऊ	जजममू
jajmau	जाजमऊ	जजममू
jajmauu	जाजमऊ	जजममू
jaat	जात	जात
jat	जात	जात
jaatak	जातक	जातक
jatak	जातक	जटक
jaatakon	जातकों	जातकों
jaatkon	जातकों	जातकों
jatakon	जातकों	जतकों
jaatiyon	जातियों	जातियों
jatiyon	जातियों	जातियों
jaankaaron	जानकारों	जानकारों
jaankaron	जानकारों	जानकारों
jankaron	जानकारों	जानकारों
jaanam	जानम	जानम
janam	जानम	जन्म
jaayke	जायके	जायके
jayke	जायके	जायके
jaawar	जावर	जावर
zawar	जावर	जावर
jing	जिंग	जिंग
gin	जिन	गिन
jeen	जिन	जीन
jin	जिन	जीन
ginee	जिनी	गिनी
jinee	जिनी	जीनी
jini	जिनी	जीनी
geneva	जिनीवा	जेनेवा
jeneva	जिनीवा	जेनेवा
jiniva	जिनीवा	जिनीवा
gypsy	जिप्सी	जिप्सी
jimme	जिम्मे	जिम्मे
jiya	जिया	जिया
gic	जीआईसी	गीईसीी
gr	जीआर	गीआरर
gm	जीएम	जीएम
gsm	जीएसएम	जीएमएमी
gtod	जीतोड़	गीटडड
gtor	जीतोड़	गीटर
jeetod	जीतोड़	जीतोद
jitod	जीतोड़	जितोद
jean	जीन	जेन
jeen	जीन	जीन
jin	जीन	जीन
jeenon	जीनों	जीनों
jinon	जीनों	जीनों
jeepney	जीपनी	जीपने
jipani	जीपनी	जीपनी
jeeyo	जीयो	जीयो
jio	जीयो	जियो
jiyo	जीयो	जियो
jeera	जीरा	जीरा
jira	जीरा	जीरा
jeevant	जीवंत	जीवंत
jivant	जीवंत	जीवंत
jeevan	जीवन	जीवन
jeewan	जीवन	जीवन
jivan	जीवन	जीवन
jiwan	जीवन	जीवन
jeevanshaili	जीवनशैली	जीवनशाली
jivanshaili	जीवनशैली	जीवनशाली
jeevniyaan	जीवनियां	जीवनियां
jivaniya	जीवनियां	जीवनीय
jivaniyaan	जीवनियां	जीवनियां
jivaniyan	जीवनियां	जीवनियां
jeevraaj	जीवराज	जीवराज
jivraj	जीवराज	जीवराज
jua	जुए	जुआ
jue	जुए	जू
juye	जुए	जूये
jutee	जुटी	जुटी
juti	जुटी	जूटी
judaai	जुड़ाई	जुडाई
judae	जुड़ाई	जुड़ाए
judai	जुड़ाई	जुड़ई
judaai	जुदाई	जुडाई
judai	जुदाई	जुड़ई
junoon	जुनून	जूनूनो
junun	जुनून	जुनून
junooni	जुनूनी	जुनूनी
jununi	जुनूनी	जुनुनी
jubair	जुबेर	जुबैर
juber	जुबेर	जुबेर
zubair	जुबेर	जुबेर
juraab	जुराब	जुराब
jurab	जुराब	जुराब
julaahon	जुलाहों	जुलाहों
julahon	जुलाहों	जुलहांों
julmon	जुल्मों	जुलमों
zulmon	जुल्मों	जुल्मों
jood	जूड	जूड
jud	जूड	जुड
junagadh	जूनागढ	जूनगढ़
junagarh	जूनागढ	जूनगरढ़
junior	जूनियर	जूनियर
jealous	जूलूस	जीलोस
juloos	जूलूस	जुलूस
julus	जूलूस	जुलूस
jetha	जेठा	जेता
jenner	जेनर	जेनर
generic	जेनरिक	जेनेरिक
jenrick	जेनरिक	जेनरिक
generat	जेनरेट	जेनरट
generate	जेनरेट	जेनरेट
jenee	जेनी	जेनी
jenni	जेनी	जेनी
jenny	जेनी	जेनी
james	जेम्स	जमेस
jeremy	जेरेमी	जेरमी
gerome	जेरोम	जीरोम
jerome	जेरोम	जेरोम
jacks	जैक्स	जैक्स
jain	जैन	जैन
gene	जैने	जेने
jaine	जैने	जैने
jaino	जैनों	जैनो
jainon	जैनों	जैनों
jerry	जैरी	जेरी
jasper	जैस्पर	जैस्र
jogging	जॉगिंग	जोगिंग
johnson	जॉनसन	जॉनससन
jobs	जॉब्स	जॉब्स
jockey	जोकि	जॉकी
joki	जोकि	जोकी
jokhim	जोखिम	जोखिम
joddta	जोड़ता	जोड़ता
jodta	जोड़ता	जोडता
jorhta	जोड़ता	जोड़ता
jodiyon	जोड़ियों	जोड़ियों
jodo	जोड़ो	जोडो
jaun	जौं	जान
gyatavya	ज्ञातव्य	ज्ञातव्य
gyatvy	ज्ञातव्य	ज्ञातव्य
gyapit	ज्ञापित	ज्ञापित
jyotiba	ज्योतिबा	ज्योतिबा
joint	ज्वाइंट	जोइंट
jvar	ज्वार	ज्वार
jwar	ज्वार	ज्वार
jvaaron	ज्वारों	ज्वारों
jvaron	ज्वारों	ज्वारों
jwaron	ज्वारों	ज्वारों
jewellers	ज्वेलर्स	ज्वेलर्स
jh	झ	ज
jha	झ	झ
jhalakti	झलकती	झलकती
jhalkati	झलकती	झलकती
jhalla	झल्ला	झल्ला
jhankana	झांकना	झंकना
jhankna	झांकना	झांकना
jheel	झील	झील
jhil	झील	झिल
jheelon	झीलों	झीलों
jhilon	झीलों	झिलों
jhuthala	झुठला	झुठला
jhuthla	झुठला	झुठला
jhuthalane	झुठलाने	झुठलाने
jhuthlane	झुठलाने	झुठलाने
tankaar	टंकार	टंकार
tankar	टंकार	टंकर
takara	टकरा	टकरा
takra	टकरा	टकरा
takaraon	टकरावों	टकराओं
takravon	टकरावों	टकरावों
tapakti	टपकती	तपकति
tapkati	टपकती	तपकती
time	टाइम	टीमे
timer	टाइमर	टाइमर
taoo	टाऊ	ताऊ
tau	टाऊ	ताऊ
tapoowo	टापुओं	टपूरू
tapuon	टापुओं	तापुओं
tapuwo	टापुओं	तपपूवो
tied	टायर्ड	टीयड
tired	टायर्ड	टिरेड
tyred	टायर्ड	टायर्ड
tarch	टार्च	तर्च
torch	टार्च	टोर्च
tik	टिक	टीक
teap	टिप	टीप
tip	टिप	टीप
tippanikar	टिप्पणीकार	टीप्पपिकार
tippnikar	टिप्पणीकार	टिप्पनिकार
tivolee	टिवोली	तिवोली
tivoli	टिवोली	तिवाली
teekamgarh	टीकमगढ़	तीकमगढ़
tikamgarh	टीकमगढ़	तीकामगढ़
teekon	टीकों	टीकों
tikon	टीकों	टीकों
two	टु	ट्वू
tension	टेंशन	टेंसियों
tenis	टेनिस	टेनिस
tennis	टेनिस	टेनिस
taste	टेस्ट	तस्ते
test	टेस्ट	टेस्ट
tasting	टेस्टिंग	टस्टिंग
testing	टेस्टिंग	टेस्टिंग
tainin	टैनिन	तैनिन
tenin	टैनिन	टेनिन
tanish	टैनिस	तनीश
tennis	टैनिस	टेनिस
taboo	टैबू	तबूू
taiboo	टैबू	तैबू
taobao	टैबू	ताबूआ
tonic	टॉनिक	टोनिक
tonga	टोंगा	टोंगा
toka	टोका	टोका
tuesday	ट्यूजडे	ट्यूडे
tuning	ट्यूनिंग	ट्यूंिंग
tuberculosis	ट्यूबरक्यूलोसिस	ट्यूबर्लोसिज
tuberkyulosis	ट्यूबरक्यूलोसिस	ट्यूब्रोलिसिंसी
truck	ट्रक	ट्रक
trangistor	ट्रांजिस्टर	ट्रेंजिक्र्ट
tranjister	ट्रांजिस्टर	ट्रेंजजेस्टर
transistor	ट्रांजिस्टर	ट्रांसिस्टर
transfer	ट्रान्सफर	ट्रांसपर
tribunal	ट्रिब्युनल	त्रिब्लून
tribunal	ट्रिब्यूनल	त्रिब्लून
trubyunal	ट्रिब्यूनल	ट्रूब्यूलन
truth	ट्रुथ	तृथ
tuth	ट्रुथ	तूथ
traded	ट्रेडेड	ट्रेडेड
trabal	ट्रेबल	ट्रैबल
trebal	ट्रेबल	ट्रेबल
trouble	ट्रेबल	ट्रबल
traip	ट्रैप	ट्रैप
trap	ट्रैप	ट्रेप
trot	ट्रॉट	ट्रोट
trott	ट्रॉट	ट्रोट
thakkar	ठक्कर	थककर
thakkr	ठक्कर	थक्कर
thaharne	ठहरने	ठहराने
thahrane	ठहरने	ठहराने
theharne	ठहरने	ठहराने
thikane	ठिकाने	ठिकाने
thumari	ठुमरी	थुमारी
thumri	ठुमरी	थुमरी
theinga	ठेंगा	ठेंगा
thenga	ठेंगा	ठेंगा
thengaa	ठेंगा	ठेंगा
daglas	डगलस	दगलस
douglas	डगलस	डॉकल्स
dabhara	डभरा	दाभारा
dabhra	डभरा	दाभरा
dabhoi	डभोई	दभोई
dam	डम	डम
dum	डम	डूम
darate	डराते	दरते
daratey	डराते	दरते
daravani	डरावनी	दरवानी
darawani	डरावनी	दरवानी
dravani	डरावनी	द्रवानी
down	डाउन	डोन
daak	डाक	डाक
dak	डाक	डक
daka	डाका	डका
dabi	डाबी	दबी
dabolim	डाबोलिम	डैबोलिम
dinosaur	डायनासोर	दीनोसार
diaries	डायरीज	डायरिज
dit	डिट	दीट
depthiriya	डिप्थीरिया	देपत्रीय
diphtheria	डिप्थीरिया	दीप्रहेतीय
de	डीई	दे
dealership	डीलरशिप	डेलारिशिप
dvc	डीवीसी	डीवीसीी
dubaana	डुबाना	दुबाना
dubana	डुबाना	दूबना
dubona	डुबोना	दुबोना
dulne	डुलने	दुलने
doonarpur	डूंगरपुर	दूनररपुर
doongarpur	डूंगरपुर	दूंरगपुर
dungarpur	डूंगरपुर	दुंरगपुर
dungerpur	डूंगरपुर	दुंरपुर
dubana	डूबना	दूबना
dubna	डूबना	डूबना
dangerous	डेंजरस	डंगरररस
daisy	डेजी	डैस्य
dazy	डेजी	देज्य
deji	डेजी	देजी
deputy	डेप्युटी	डेप्टूी
davidson	डेविडसन	डाविडससों
devidson	डेविडसन	डेविड्सों
davey	डेवी	दववे
devi	डेवी	देवी
dewey	डेवी	देवे
destination	डेस्टिनेशन	डेस्टीनेशन
datson	डैटसन	दतससों
datsun	डैटसन	दतससुन
daddy	डैडी	दद्दी
dark	डॉर्क	डर्क
dork	डॉर्क	डोर्क
dose	डोज	डोस
domenic	डोमेनिक	डोमेनिक
doranda	डोरंडा	दोरंडा
dolane	डोलने	डोलने
dolne	डोलने	डोलने
dual	ड्युअल	डुएलल
duak	ड्यूक	दुक
duke	ड्यूक	डूके
drame	ड्रामे	ड्रमम
dramen	ड्रामे	ड्रमें
drager	ड्रेजर	ड्रेजर
dredger	ड्रेजर	ड्रेजरर
dreijer	ड्रेजर	ड्रेजर
dhakaal	ढकाल	ढकाल
dhakal	ढकाल	ढकलल
dhakkal	ढकाल	धक्कल
dhkal	ढकाल	ढकल
dhale	ढले	ढाले
dhoondh	ढूंढ	ढूंढ
dhundh	ढूंढ	धुंध
dhoondhata	ढूंढता	ढूंढता
dhundhata	ढूंढता	ढूंढता
dhundhta	ढूंढता	ढूंढता
dhoondhi	ढूंढी	ढूंढी
dhundhi	ढूंढी	ढूंढी
tanjavur	तंजावुर	तंजावूर
thanjavur	तंजावुर	थंजावूर
tantr	तंत्र	तंत्र
tantra	तंत्र	तंत्रा
tantrikao	तंत्रिकाओं	तंत्रिकाएं
tantrikaon	तंत्रिकाओं	तंत्रिकाएं
tantro	तंत्रों	तंत्रो
tantron	तंत्रों	तंत्रों
tagade	तगड़े	टागड़े
tagde	तगड़े	टागड़े
tadipaar	तड़ीपार	तदीपार
tadipar	तड़ीपार	तदीपार
tani	तनी	तनी
tapan	तपन	तपन
tarafa	तरफा	तरफा
tarfa	तरफा	तरफा
tarabganj	तरबगंज	तरराबंज
taras	तरस	तरस
taraash	तराश	तराश
tarash	तराश	तराश
tarashay	तराशे	तराशय
tarashe	तराशे	तराशे
tareeko	तरीको	तरीको
tariko	तरीको	तारीको
tark	तर्क	तरक
tarkvaad	तर्कवाद	तरकावाद
tarkvad	तर्कवाद	तरकावाद
tarkwaad	तर्कवाद	तरकावाद
tarko	तर्कों	तरको
tarkon	तर्कों	तरकों
talabgaar	तलबगार	तलबागार
talabgar	तलबगार	तलबागार
talbagaar	तलबगार	तलबागार
talbagar	तलबगार	तलबागर
talawe	तलवे	तलावे
talve	तलवे	तलवे
talawon	तलवों	तलावों
talvon	तलवों	तलवों
tahakhana	तहखाना	तहखाना
tahkhaana	तहखाना	तहकहना
tahkhana	तहखाना	तहखाना
taantaa	तांता	तांता
tanta	तांता	तंंता
tambe	तांबे	तंबे
tanbe	तांबे	तंंबे
taaja	ताजा	ताजा
taajaa	ताजा	ताजा
taaza	ताजा	ताजा
taja	ताजा	तजा
taza	ताजा	तजा
tansen	तानसेन	टैंसेन
taapmaanon	तापमानों	ताममानों
tapmano	तापमानों	तप्माों
tapmanon	तापमानों	तप्माणों
taapti	ताप्ती	तापती
tapti	ताप्ती	तप्ती
tarabai	ताराबाई	तराबई
taseer	तासीर	तसीर
tasir	तासीर	तसीर
taahi	ताहि	ताही
tahi	ताहि	तही
tikone	तिकोने	टिकोन
tirupati	तिरूपति	तिरुपति
tiwari	तिवारी	तिवाड़ी
ti	ती	टी
teer	तीर	तीर
tir	तीर	तीर
teeron	तीरों	तीरों
tiron	तीरों	तिरों
tirthatan	तीर्थाटन	तीर्थतान
tungnath	तुंगनाथ	तुंगनाथ
tughlaq	तुगलक	तुगला
tuglak	तुगलक	तुगला
tughlakabad	तुगलकाबाद	तुगल्लबाद
tughlaqabad	तुगलकाबाद	तुगलाबगाद
tuglakabad	तुगलकाबाद	तुगल्लबाद
tugalaki	तुगलकी	तुगलकी
tugalki	तुगलकी	तुगलकी
tuglaki	तुगलकी	तुगल्ली
tufail	तुफैल	ट्फफल
tejaji	तेजाजी	तेजजी
teji	तेजी	तेजी
tel	तेल	टेल
telon	तेलों	टेलों
to	तो	टो
toh	तो	तोह
taul	तौल	तौल
tyohaar	त्यौहार	त्योहार
tyohar	त्यौहार	त्योहार
tyoihar	त्यौहार	त्योहार
tyauharon	त्यौहारों	त्योहारों
tyoharon	त्यौहारों	त्योहारों
tyoiharon	त्यौहारों	त्योहारों
trijata	त्रिजटा	त्रिजता
trijta	त्रिजटा	त्रिजता
triya	त्रिया	त्रिया
tremasik	त्रैमासिक	ट्रेमिसिक
trimasik	त्रैमासिक	त्रिमासिक
tse	त्से	टीएस
thaki	थकी	ठाकी
thki	थकी	थकी
tharti	थर्टी	थरती
thirty	थर्टी	थिर्टी
thane	थाणे	ठाने
thaanvi	थानवी	ठांवी
thanvi	थानवी	ठनवी
theateron	थिएटरों	थीतरों
theatron	थिएटरों	थीतरों
theaters	थिएटर्स	थीटर्स
theater	थियेटर	थिटर
theatre	थियेटर	थीतरे
theateron	थियेटरों	थीतरों
theatron	थियेटरों	थीतरों
thitron	थियेटरों	ठित्रों
theaters	थियेटर्स	थीटर्स
theatrs	थियेटर्स	थीटर्स
thiyeters	थियेटर्स	थियेटर्स
thirake	थिरके	ठिरके
thirke	थिरके	ठिरके
thief	थीफ	थियफ
then	थेन	ठेन
theni	थेनी	ठेनी
thailee	थैली	थैली
thaili	थैली	थैली
thaile	थैले	थेले
dang	दंग	डांग
danga	दंगा	डंगा
dangon	दंगों	डांगों
dampati	दंपति	दंपति
danpati	दंपति	दानपति
dampatiyon	दंपतियों	दामपतियों
dampattiyon	दंपतियों	दमपत्तियों
danptiyon	दंपतियों	दंपतियों
dadreva	ददरेवा	दद्देवा
dadrewa	ददरेवा	दद्रववा
damoh	दमोह	दमोह
dardara	दरदरा	दरदारा
dardraa	दरदरा	दरददारा
durdhara	दरदरा	दुरदरा
darmiyaan	दरमियान	दरमियां
darmiyan	दरमियान	दरमियां
darjano	दर्जनों	दर्जनों
darjanon	दर्जनों	दर्जनों
darp	दर्प	डर्प
darra	दर्रा	दररा
dalbadal	दलबदल	दलबदडल
dalbadl	दलबदल	दलबदद
dali	दली	दाली
dastaanaa	दस्ताना	दस्ताना
dastana	दस्ताना	दस्ताना
dastavej	दस्तावेज	दस्तावेज
dahan	दहन	दहन
dahal	दहल	दहल
da	दा	डीएए
daakhil	दाखिल	दाखील
dakhil	दाखिल	दाखिल
daakhile	दाखिले	दाखीले
dakhile	दाखिले	दखीले
daataa	दाता	दाता
data	दाता	डता
dadari	दादरी	दादारी
daanshil	दानशील	दांशील
danshil	दानशील	दंशील
daabholkar	दाभोलकर	दाभोलकर
dabholkar	दाभोलकर	दलभोकर
damale	दामले	दमले
damle	दामले	डमले
dayitv	दायित्व	दायित्व
dayitva	दायित्व	दायित्व
dayitwa	दायित्व	दायित्व
dayitvon	दायित्वों	दायित्वों
dayityon	दायित्वों	दायित्यों
darul	दारूल	दारुल
daav	दाव	दाव
daaw	दाव	दाव
dav	दाव	दवव
daw	दाव	दाव
daah	दाह	दाह
dah	दाह	दह
dikhla	दिखला	दिखला
dikhlaa	दिखला	दिखला
dikhaaiye	दिखाइये	दिखाइए
dikhaiye	दिखाइये	दिखाइए
dikhaai	दिखाई	दिखाई
dikhai	दिखाई	दिखाई
dikhayi	दिखाई	दिखायी
dikhaaee	दिखाईं	दिखाई
dikhaai	दिखाईं	दिखाई
dikhaain	दिखाईं	दिखाएं
dikhaee	दिखाईं	दिखाई
dikhai	दिखाईं	दिखाई
dikhayin	दिखाईं	दिखाएं
dikhai	दिखायी	दिखाई
dikhayi	दिखायी	दिखायी
dikhaai	दिखार्इ	दिखाई
dikhae	दिखार्इ	दिखाए
dikhai	दिखार्इ	दिखाई
dikhayi	दिखार्इ	दिखायी
dita	दिता	दीता
ditaa	दिता	दीता
dinaank	दिनांक	दीनांक
dinank	दिनांक	दीनांक
dirham	दिरहम	दीरहाम
dilaaye	दिलाये	दिलाए
dilaye	दिलाये	दिलाए
deewani	दिवानी	दीवानी
diwani	दिवानी	दीवानी
divy	दिव्य	दिव्य
divya	दिव्य	दीव्य
divyata	दिव्यता	दीव्यता
divya	दिव्या	दीव्य
deepan	दीपन	दीपन
deepn	दीपन	दीपन
dipan	दीपन	दीपान
deepsingh	दीपसिंह	डीप्सिंह
dipsingh	दीपसिंह	डीप्सिंह
deepika	दीपिका	दीपिका
dipika	दीपिका	दीपिका
deeya	दीया	दीय
diya	दीया	दिया
dukaanon	दुकानों	दुकानों
dukanon	दुकानों	दूकानों
dukke	दुक्के	दकके
dukhan	दुखन	दुखान
dukhit	दुखित	दुखित
dukhiyon	दुखियों	दुखियों
dukhon	दुखों	दुखों
dubhashiyon	दुभाषियों	दुभाषियों
durgun	दुर्गुण	दुर्गुन
durghatna	दुर्घटना	दुर्घटना
durghtna	दुर्घटना	दुर्घटना
duneerti	दुर्नीति	दुनिर्ती
durniti	दुर्नीति	दुर्नति
durbhiksh	दुर्भिक्ष	दुर्भिक्ष
duvidhaaen	दुविधाएं	दुविधाएं
duvidhaayein	दुविधाएं	दुविधाएंं
duvidhaen	दुविधाएं	दुविधाएं
duwaidhaayein	दुविधाएं	दुवादाएंं
dune	दूने	दूने
doordarshan	दूरदर्शन	दूरदर्शन
durdarshan	दूरदर्शन	दूरदर्शन
dradh	दृढ़	दृदध
dridh	दृढ़	दृद्ध
dekhoge	देखोगे	देखेज
denevaali	देनेवाली	देनेवाली
denevali	देनेवाली	देनेवाली
denewaali	देनेवाली	देनेवाली
denewali	देनेवाली	देनेवाली
deonar	देवनार	डेयनर
devnaar	देवनार	देवनार
devnar	देवनार	देवनार
devaapur	देवापुर	देवापुर
devapur	देवापुर	देवपुर
devi	देवी	देवी
devisingh	देवीसिंह	डेविसिं
devisinh	देवीसिंह	देविसिन
deshkaal	देशकाल	देशकाल
deshkal	देशकाल	देशकाल
deshke	देशके	देशके
desai	देसाई	देसाई
doge	दोगे	डोगे
dvadash	द्वादश	द्वादश
dwaadas	द्वादश	द्वादस
dvivedi	द्विवेदी	द्वीवेदी
dwivedi	द्विवेदी	द्वीवेदी
dhande	धंधे	धंडे
dhandhe	धंधे	धंधे
dhndhe	धंधे	धंधे
dhandhon	धंधों	धंधों
dhandon	धंधों	धंधों
dhakelte	धकेलते	धकेलते
dhkelate	धकेलते	धकेलते
dhatana	धटना	ढातना
dhatna	धटना	ढातना
dhankuber	धनकुबेर	धंंकुबर
dhanadhany	धनधान्य	धनधधन्य
dhandhaanya	धनधान्य	धंधानन्य
dhandhany	धनधान्य	धंधनन्य
dhandhanya	धनधान्य	धंधनाया
dhamkaataa	धमकाता	धमकाता
dhamkata	धमकाता	धमकता
dhamm	धम्म	धम्म
dhamma	धम्मा	धम्मा
dhammaa	धम्मा	धम्मा
dharmnath	धर्मनाथ	धर्मानथथ
dharmraj	धर्मराज	धर्मराज
dharmesh	धर्मेश	धर्मेश
dhasmaanaa	धस्माना	धस्माना
dhasmana	धस्माना	धस्माना
dhaak	धाक	ढाक
dhak	धाक	ढक
dhaaga	धागा	ढागा
dhaagaa	धागा	ढागा
dhaga	धागा	ढागा
dhaatuein	धातुएं	धातुएं
dhaatuyein	धातुएं	धातुएं
dhtuen	धातुएं	ध्तुएं
dhaarak	धारक	धारक
dharak	धारक	धरक
dhaari	धारी	धारी
dhari	धारी	धारी
dhuan	धुआं	धुआन
dhunaai	धुनाई	धुनाई
dhunai	धुनाई	धुनाई
dhuriya	धुरिया	धुरिया
dhuriyaa	धुरिया	धुरिया
dhuni	धूनी	धुनी
dhairyavaan	धैर्यवान	धैर्यवान
dhairyawan	धैर्यवान	धैर्यवान
dhiryavan	धैर्यवान	धीर्यवान
dhiryawaan	धैर्यवान	धीर्यवान
dhokebaaj	धोखेबाज	धोखेबाज
dhokebaaz	धोखेबाज	धोखेबाज
dhokebaj	धोखेबाज	धोखेबाज
dhokebaz	धोखेबाज	धोखेबाज
dhokhebaaj	धोखेबाज	धोखेबाज
dhokhebaj	धोखेबाज	धोखेबाज
dhona	धोना	ढोना
dhonaa	धोना	ढोना
dhoraaji	धोराजी	धोराजी
dhoraji	धोराजी	धोरजी
dhoron	धोरों	धोरों
dhyeyavaadi	ध्येयवादी	ध्येवाादी
dhyeywadi	ध्येयवादी	ध्येवादी
dyeyvadi	ध्येयवादी	द्येवादी
dhrupad	ध्रुपद	ध्रुपद
drupad	ध्रुपद	द्रुपद
nandanvan	नंदनवन	नंदवनन
nadsa	नक्सल	नादसा
naksal	नक्सल	नक्सल
naxal	नक्सल	नैक्सल
naksalavaad	नक्सलवाद	नक्सलवाद
naksalwaad	नक्सलवाद	नक्सलवाद
naksalwad	नक्सलवाद	नक्सलवाद
naxalvaaad	नक्सलवाद	नक्सलवाद
naxalwaad	नक्सलवाद	नक्सलवाद
naksaliyon	नक्सलियों	नक्सलियों
naxaliyon	नक्सलियों	नक्सलियों
naksali	नक्सली	नक्सली
naxali	नक्सली	नक्सली
nagaada	नगाड़ा	नागादा
nagaadaa	नगाड़ा	नगादा
nagaaraa	नगाड़ा	नगारा
nageene	नगीने	नगीने
nagine	नगीने	नागिन
najarandaaj	नजरंदाज	नजरअंदाज
najarandaaz	नजरंदाज	नजरअंदाज
nazarandaaj	नजरंदाज	नजरअंदाज
nazarandaaz	नजरंदाज	नजरअंदाज
nazarandaz	नजरंदाज	नजरअंदाज
najraane	नजराने	नजराने
nazraane	नजराने	नजरराने
najariyon	नजरियों	नजरियों
najriyon	नजरियों	नजरियों
najron	नजरों	नजरों
najeeb	नजीब	नजीब
najib	नजीब	नाजिब
najibabaad	नजीबाबाद	नज़ीबाबाद
najibabad	नजीबाबाद	नाजीबाबाद
najeem	नजीम	नजीम
najim	नजीम	नाजिम
nazeem	नजीम	नजीम
nana	नना	नाना
nanaa	नना	नाना
nna	नना	नन
nanhe	नन्हें	नन्हे
nanhein	नन्हें	नन्हें
nabj	नब्ज़	नब्ज
nabja	नब्ज़	नब्जा
nabz	नब्ज़	नब्ज
namkeen	नमकीन	नमकीन
namkin	नमकीन	नमकीन
narnaari	नरनारी	नरनारी
narnari	नरनारी	नरनारी
narbhakshi	नरभक्षी	नारभक्षी
naram	नरम	नारम
narm	नरम	नर्म
narmi	नरमी	नर्मी
narsanhar	नरसंहार	नरसानहार
narsanharon	नरसंहारों	नरसानाहारों
november	नवंबर	नॉवेगर
navketan	नवकेतन	नवकेतन
navjaagaran	नवजागरण	नवजारगाण
navjagran	नवजागरण	नवजगररण
navdha	नवधा	नवधा
navvadhoo	नववधू	नववारुहो
navvadhu	नववधू	नववारुह
nava	नवा	नवा
navaa	नवा	नवा
navate	नवाते	नवाते
navanagar	नवानगर	नवनगर
nawanagar	नवानगर	नवनगर
navya	नव्या	नव्य
naseem	नसीम	नसीम
nasim	नसीम	नसीम
nights	नाइट्रस	नाइट्सस
nitrous	नाइट्रस	नाइट्रोस
nineteez	नाइनटीज	नाइंटेइज
nineties	नाइनटीज	नाइंटीसी
ninties	नाइनटीज	निंटीस
nau	नाऊ	नौ
nauu	नाऊ	नौऊ
naakaam	नाकाम	नाकाम
nakam	नाकाम	नकम
naagrik	नागारिक	नागरिक
nagarik	नागारिक	नागरीक
nagrik	नागारिक	नागरिक
nagin	नागिन	नागिन
nadep	नाडेप	नडेेप
nanak	नानक	नाक
nanavati	नानावती	नानवती
napane	नापने	नपने
napne	नापने	नपने
napa	नापा	नपा
naam	नाम	नाम
naamdhari	नामधारी	नामधारी
namdhari	नामधारी	नामधारी
namankano	नामांकनों	नामंकाों
namankanon	नामांकनों	नामांकनों
namavaliyon	नामावलियों	नामावलियों
naamo	नामो	नामो
namo	नामो	नामो
nayak	नायक	नायक
naraji	नाराजी	नाराजी
naraingarh	नारायणगढ़	नरेंगढ़
narayangadh	नारायणगढ़	नारायंगढ़
narayangarh	नारायणगढ़	नारायंगढ़
naasar	नासर	नासर
nahargadh	नाहरगढ	नहरागढ़
nahargarh	नाहरगढ	नहरागढ़
nikalegi	निकलेगी	निकालेगी
nikalogi	निकलेगी	निकालोगी
nikaalani	निकालनी	निकालनी
nikaalni	निकालनी	निकालनी
nikalani	निकालनी	निकलनी
nikalni	निकालनी	निकलीी
nicki	निकी	निकीी
nicky	निकी	निकी
niki	निकी	निकी
niketan	निकेतन	निकटें
nikhar	निखर	निखार
nikhari	निखरी	निखारी
nigar	निगर	निगर
nigger	निगर	नाइगर
nichala	निचला	निचला
nichalaa	निचला	निचला
nichla	निचला	निचला
nitiyon	नितियों	नीतियों
nitya	नित्या	नित्य
nityaa	नित्या	नित्य
nidhaan	निधान	निधान
nidhan	निधान	निधान
nipatara	निपटारा	निपट्रा
niptaara	निपटारा	निपट्रा
niptaaraa	निपटारा	निपटरा
niptara	निपटारा	निपट्रा
niyanta	नियंता	नियंता
niyantaa	नियंता	नियंता
niya	निया	निया
niyaa	निया	निया
nirdeshika	निर्देशिका	निर्देशिका
nirdeshikaa	निर्देशिका	निर्देशिका
nirdhaarit	निर्धारित	निर्धारित
nirdharit	निर्धारित	निर्धारित
nirbaadh	निर्बाध	निर्बाद
nirbadh	निर्बाध	निर्बद्ध
niveshakartaa	निवेशकर्ता	निवेशकर्ता
niveshkarta	निवेशकर्ता	निवेशकर्ता
niveshkartaa	निवेशकर्ता	निवेशकर्ता
nischal	निश्चल	निश्चल
nishchal	निश्चल	निष्चल
nishnaat	निष्णात	निशंनत
nishpaap	निष्पाप	निष्पाप
nihalaani	निहलानी	निहालनी
nihlaani	निहलानी	निहालनी
nihlani	निहलानी	निहालनी
nihaalchand	निहालचंद	निहालंंद
nihalchand	निहालचंद	निहालंंद
neechaaee	नीचाई	नीचाई
nichaai	नीचाई	निचाई
neat	नीट	नीत
neet	नीट	नीत
neetiyon	नीतियों	नीतियों
nitiyon	नीतियों	नीतियों
neelagaay	नीलगाय	नीलगाय
nilgai	नीलगाय	नीलगाई
neelaabh	नीलाभ	नीलाभ
nilaabh	नीलाभ	निलाभ
nilabh	नीलाभ	नीलभ
nuskhe	नुस्खे	नुस्खे
noon	नून	नून
nun	नून	नून
noobiyaa	नूबिया	नूबिया
nubiya	नूबिया	नूबिया
nrityashaili	नृत्यशैली	नृत्याशाली
nrutyashaili	नृत्यशैली	नृत्यासाली
nrityon	नृत्यों	नृत्यों
nrutyon	नृत्यों	नृत्यों
neco	नेको	नेको
neko	नेको	नेको
nectar	नेक्टर	नेक्टर
neg	नेग	नेग
nega	नेग	नेगा
networking	नेटवर्किग	नेटवर्किंग
neto	नेटो	नेतो
neta	नेता	नेता
nemo	नेमो	नेमोूू
nelsan	नेल्सन	नेल्सन
nelson	नेल्सन	नेल्सन
nations	नेशंस	नेशनस
nehara	नेहरा	नेहारा
nehra	नेहरा	नेरा
naino	नैनो	नैनो
nano	नैनो	नानो
naivedh	नैवेद्य	नैवेद
naivegh	नैवेद्य	नैवेघ
nevedya	नैवेद्य	नेवदीय
nominate	नॉमिनेट	नॉमिनेट
naukari	नोकरी	नौकरी
naukri	नोकरी	नौकरी
nokari	नोकरी	नोकरी
nokri	नोकरी	नौकरी
notes	नोट्स	नोट्स
nora	नोरा	नोरा
nori	नोरी	नॉरी
nauner	नौनेर	नैनर
nauvahan	नौवहन	नौवाहन
naushad	नौशाद	नौषद
panchaang	पंचांग	पंचांग
panchang	पंचांग	पंचांग
punchang	पंचांग	पंचांग
punjab	पंजाब	पुंजब
punjabiyon	पंजाबियों	पुंजबियों
pantar	पंटर	पंतर
panter	पंटर	पैंटर
punter	पंटर	पुनटर
pakaayein	पकाएं	पकाएंं
pakaayen	पकाएं	पकाएं
pakaen	पकाएं	पकाएं
pakayen	पकाएं	पकाएं
pakaude	पकौड़े	पकौड़े
pakshapat	पक्षपात	पक्षपात
pakshpaat	पक्षपात	पक्षपात
pakshpat	पक्षपात	पक्षपत
pagabadha	पगबाधा	पगबड़ा
pagbadha	पगबाधा	पगबद्ध
pagalaa	पगला	पगला
pagla	पगला	पगला
pachaataa	पचाता	पचाता
pachata	पचाता	पचाता
patakkar	पटककर	पतककार
patkathaayein	पटकथाएं	पटकथाएंं
patkathaein	पटकथाएं	पटकथाएं
patkathayen	पटकथाएं	पटकथाएंं
patki	पटकी	पतकी
pataraani	पटरानी	पतरानी
patrani	पटरानी	पतरनी
patavaari	पटवारी	पतवररी
patwari	पटवारी	पतवरी
pataakshep	पटाक्षेप	पताकाषेप
patachep	पटाक्षेप	पताचेप
patakshep	पटाक्षेप	पताक्षेप
patiya	पटिया	पटिया
patiyaa	पटिया	पतिया
padaraunaa	पडरौना	पददरुआ
padrauna	पडरौना	पददरुआं
padega	पड़ेगा	पड़ेगा
padegaa	पड़ेगा	पड़ेगा
padha	पढ़ा	पढ़ा
padhaa	पढ़ा	पढ़ा
padhaataa	पढ़ाता	पढ़ता
padhata	पढ़ाता	पढ़ता
patili	पतीली	पतिली
padamawati	पदमावती	पदमावती
padmavati	पदमावती	पद्मावती
padmawati	पदमावती	पदममावती
padadhikari	पदाधिकारी	पदाधिकारी
panapnaa	पनपना	पनपना
panpana	पनपना	पनपना
panaamaa	पनामा	पनमा
panama	पनामा	पनमा
paneer	पनीर	पनीर
pammi	पम्मी	पम्मी
pammu	पम्मी	पम्मू
pummi	पम्मी	पुम्मी
pummy	पम्मी	पम्मी
pardesiyon	परदेसियों	पार्डिशियों
pardesi	परदेसी	परदेसी
parva	परवा	परवा
parvaa	परवा	परवा
parwa	परवा	परवा
parwaa	परवा	परवा
paraadheen	पराधीन	पराधीन
paraadhin	पराधीन	पराधीन
paradheen	पराधीन	पराधीन
paradhin	पराधीन	पराधीन
parikalpit	परिकल्पित	परिकल्पित
parimal	परिमल	परिमाल
parishad	परिषद	परिषद
parishadiy	परिषदीय	परिशादीय
parishadiya	परिषदीय	परिशादिया
parishadon	परिषदों	परिशदों
parikhaen	परीक्षाएं	परिख्एं
parikshaayein	परीक्षाएं	परिक्षाएं
parikshaen	परीक्षाएं	परिक्षाएं
parosane	परोसने	परोसने
parosne	परोसने	परोसने
parda	पर्दा	परदा
pardaa	पर्दा	परदा
purple	पर्पल	पुरफ्ले
palatne	पलटने	पलटने
paltane	पलटने	पलटने
palaari	पलारी	पलारी
palari	पलारी	पलारी
pale	पले	पाले
palmonari	पल्मोनरी	पललमोनारी
pulmonary	पल्मोनरी	पुल्मोरी
plus	पल्स	प्लूस
pulse	पल्स	पुल्स
pashtun	पश्तून	पश्तुन
pashtuun	पश्तून	पश्तुन
pahan	पहन	पहन
pehan	पहन	पहन
pahantaa	पहनता	पहनता
pahnata	पहनता	पहनता
pehnate	पहनता	पहनते
pahanate	पहनते	पहनते
pahante	पहनते	पहनते
pehnate	पहनते	पहनते
pahnaakar	पहनाकर	पहनाकर
pahnakar	पहनाकर	पहनकर
pehnakar	पहनाकर	पहनाकर
pahnaati	पहनाती	पहनाती
pahnati	पहनाती	पहनती
pehnati	पहनाती	पहनती
pahani	पहनी	पहनी
pahni	पहनी	पहनी
pehni	पहनी	पहनी
pahno	पहनो	पहनो
pehno	पहनो	पहनो
pahla	पहला	पहला
pahlaa	पहला	पहला
pehla	पहला	पहला
paheliyaan	पहेलियां	पहेलियां
paheliyan	पहेलियां	पहेलियां
paheliyon	पहेलियों	पहेलियों
pide	पाइड	पीडे
pied	पाइड	पीयडीी
pythagoras	पाइथागोरस	पिथागारस
pythogaras	पाइथागोरस	पिथोग्रास
paakhandi	पाखंडी	पाखंडी
pakhandi	पाखंडी	पखंडी
paathshaalaayein	पाठशालाएं	पाठवालाएंं
pathshalayein	पाठशालाएं	पाठशालाएं
pathshalayen	पाठशालाएं	पाठशालाएं
paathyakram	पाठ्यक्रम	पाठ्यक्रम
pathyakram	पाठ्यक्रम	पाठयक्रम
pathykram	पाठ्यक्रम	पाठ्यकर्म
paathyakramon	पाठ्यक्रमों	पाठ्यक्रमों
pathyakramon	पाठ्यक्रमों	पाठ्यकर्मों
pathykramon	पाठ्यक्रमों	पाठ्यकर्मों
population	पापुलेशन	पोपुलेशन
pailot	पायलट	पैलोट
pilot	पायलट	पिलोट
pailoton	पायलटों	पैलोटों
piloton	पायलटों	पिलोटों
paarampariktaa	पारंपरिकता	पारंपरिकता
paramparikata	पारंपरिकता	परंपरिकता
paramparikta	पारंपरिकता	परंपरिकता
parnel	पार्नेल	पार्लेल
parnell	पार्नेल	पैरेनल
parleron	पार्लरों	पार्लरों
parloron	पार्लरों	परलोरों
parlouron	पार्लरों	परलोरों
paarshad	पार्षद	पार्शद
parshad	पार्षद	पररशद
paarshadon	पार्षदों	पार्शदों
parshadon	पार्षदों	पररशदों
parshdon	पार्षदों	परर्शों
policy	पालिसी	पॉलिसी
pinta	पिंटा	पिंटा
pintaa	पिंटा	पिंता
piega	पिएगा	पीएगा
piyegaa	पिएगा	पिएगा
pic	पिक	पीईसीी
pick	पिक	पिक
pik	पिक	पिक
piki	पिकी	पीकी
piky	पिकी	पिक्
picture	पिक्चर	पिक्चर
pigmentation	पिगमेंटेशन	पिगमेंटिशन
pigs	पिग्स	पिग्स
pichde	पिछड़े	पीछड़े
pichhade	पिछड़े	पिछड़े
pijja	पिज्जा	पिजजा
pizza	पिज्जा	पिज़ाज़ा
pitaamaha	पितामह	पितामाहा
pitamah	पितामह	पितामाह
pipra	पिपरा	पिपरा
pipraa	पिपरा	पिपरा
pipli	पिपली	पिपली
pearson	पियरसन	पेरसन
pierson	पियरसन	पियर्सन
peary	पियरी	पेरी
piyari	पियरी	पियरी
pisaai	पिसाई	पिसाई
pisai	पिसाई	पिसाई
pihaani	पिहानी	पिहानी
pihani	पिहानी	पीहानी
pib	पीआईबी	पीबबी
pr	पीआर	प्रे
pml	पीएमएल	पीएलएली
pmo	पीएमओ	प्यो
pmch	पीएमसीएच	पीपीची
psv	पीएसवी	पीपीवीी
peaking	पीकिंग	पीकिंग
picking	पीकिंग	पिकिंग
peetne	पीटने	पीटने
pitne	पीटने	पिटने
pedia	पीडिया	पेड़िया
pidiya	पीडिया	पीड़िया
pidiyaa	पीडिया	पीढ़िया
peelepan	पीलेपन	पीलेपन
pilepan	पीलेपन	पिलेपन
pv	पीवी	पीवी
pisa	पीसा	पीसा
putla	पुतला	पुतला
putlaa	पुतला	पुतला
putaliyaan	पुतलियां	पुतलियां
putliyan	पुतलियां	पुतलियां
putaliyon	पुतलियों	पुतलियों
putliyon	पुतलियों	पुतलियों
putali	पुतली	पुतली
putli	पुतली	पुतली
putale	पुतले	पुतले
putle	पुतले	पुतले
putin	पुतिन	पुटिन
putul	पुतुल	पुतुल
punargathan	पुनर्गठन	पुनर्ग्थन
puna	पुना	पुना
puraane	पुराने	पुराने
purane	पुराने	पुराने
puru	पुरू	पुरु
purjon	पुर्जों	पूर्जों
purzon	पुर्जों	पूर्जों
pulam	पुलम	पुलाम
pushkin	पुश्किन	पुष्कीन
pushkarana	पुष्करणा	पुष्करण
pushkarna	पुष्करणा	पुष्करण
pushkarnaa	पुष्करणा	पुष्करण
pushp	पुष्प	पुष्प
pushpa	पुष्प	पुष्प
pushpa	पुष्पा	पुष्प
pushpaa	पुष्पा	पुष्प
pushpit	पुष्पित	पुष्पित
pushpon	पुष्पों	पुष्पों
poonjikaran	पूंजीकरण	पूंजीकरण
punjikaran	पूंजीकरण	पुंजीकरण
poojaapaath	पूजापाठ	पूजापा
poojapath	पूजापाठ	पूजाप्ठ
pujapath	पूजापाठ	पुजाप्ठ
pooranpur	पूरनपुर	पुराणपुर
puranpur	पूरनपुर	पुराणपुर
purvaabhaas	पूर्वाभास	पूर्वाभास
purvaabhas	पूर्वाभास	पूर्वाभास
purvabhaas	पूर्वाभास	पूर्वाभास
purvabhas	पूर्वाभास	पूर्वाभास
pendulam	पेंडुलम	पेंडुलम
pendulum	पेंडुलम	पेंडुलम
peg	पेग	पेग
pages	पेजेज	पेजेस
pajej	पेजेज	पजेज
pace	पेस	पेस
pes	पेस	पेस
pastry	पेस्ट्री	पास्ट्री
pangolin	पैंगोलिन	पैंगोनी
pengolin	पैंगोलिन	पेंगलिन
packard	पैकर्ड	पककर्ड
package	पैकेज	पैकेज
packageon	पैकेजों	पककगजीं
packagon	पैकेजों	पककगों
packajon	पैकेजों	पककाजों
paim	पैम	पैम
pam	पैम	पम
paratrooper	पैराट्रूपर	परात्रपुर
peratrupers	पैराट्रूपर	पैरार्टर्स
paranormal	पैरानॉर्मल	पररोनामाल
peranormal	पैरानॉर्मल	पैरानोमाल
paraffin	पैराफिन	परफफिन
parafin	पैराफिन	पराफीन
perafin	पैराफिन	पैराफिन
parabola	पैराबोला	पैरबला
perabola	पैराबोला	पैराबलला
polimer	पॉलिमर	पॉलिमर
polymer	पॉलिमर	पॉल्यूर
polishing	पॉलिशिंग	पॉलिशिंग
pokar	पोकर	पोकर
poker	पोकर	पोकर
polish	पोलिश	पोलिश
poshit	पोषित	पोषित
posta	पोस्ता	पोस्टा
pau	पौ	पाऊ
pyade	प्यादे	प्यादे
prakriya	प्रक्रिया	प्रक्रिय
prakshepak	प्रक्षेपक	प्रक्षेपक
pratigya	प्रतिज्ञा	प्रतिज्ञ
prtigyaa	प्रतिज्ञा	प्रतिज्ञ
pratibhutiyan	प्रतिभूतियां	प्रतिभूतियां
pratiyon	प्रतियों	प्रतियों
prativaad	प्रतिवाद	प्रतिवाद
prativad	प्रतिवाद	प्रतिवाद
prativadi	प्रतिवादी	प्रतिवादी
pratishat	प्रतिशत	प्रतिषात
praneet	प्रनीत	प्रणीत
pranit	प्रनीत	प्रणित
prapaat	प्रपात	प्रपात
prapat	प्रपात	प्रपत
prapaaton	प्रपातों	प्रपातों
prapaton	प्रपातों	प्रपत्ों
prabodhini	प्रबोधिनी	प्रबोधीनी
prayaasrat	प्रयासरत	प्रयास्तत
prayasarat	प्रयासरत	प्रयासरत
pradarshan	प्रर्दशन	प्रदर्शन
prardashan	प्रर्दशन	प्रररदाशन
pravati	प्रवत्ति	प्रवति
pravatti	प्रवत्ति	प्रवत्ति
prashaasanik	प्रशासनिक	प्रशासकिक
prashasanik	प्रशासनिक	प्रशासकिक
prashasnik	प्रशासनिक	प्रशासिक
prashaasanon	प्रशासनों	प्रशासनों
prashansanon	प्रशासनों	प्रशंसनों
prashasanon	प्रशासनों	प्रशासनों
prashikshu	प्रशिक्षु	प्रशिक्षु
prastaavon	प्रस्तावों	प्रस्तावों
prastavon	प्रस्तावों	प्रस्तावों
prahlaad	प्रहलाद	प्रहालाद
prahlad	प्रहलाद	प्रहालाद
prahasan	प्रहसन	प्राासन
prahsan	प्रहसन	प्राासन
prahaarak	प्रहारक	प्रहाकक
praharak	प्रहारक	प्रहाकक
prahad	प्रह्लाद	प्रहाद
prahlad	प्रह्लाद	प्रहालाद
privacy	प्राइवेसी	प्राइवेसी
praakkathan	प्राक्कथन	प्रकाकथन
prakkathan	प्राक्कथन	प्रक्थाान
praan	प्राण	प्राण
pran	प्राण	प्रण
pranon	प्राणों	प्रणों
prathamik	प्राथमिक	प्रथामिक
prathmik	प्राथमिक	प्राथमिक
praathmikata	प्राथमिकता	प्राथामिकता
prathmikta	प्राथमिकता	प्राथमिकता
prathmiki	प्राथमिकी	प्रथमिकी
pradhyapakon	प्राध्यापकों	प्राध्यापकों
prapt	प्राप्त	प्राप्त
prapta	प्राप्त	प्रापता
prapti	प्राप्ती	प्राप्ति
praroop	प्रारूप	प्ररूप
prarup	प्रारूप	प्रारूप
priyamani	प्रियामणि	प्रियमाणी
proof	प्रूफ	प्रूफ
pruf	प्रूफ	प्रीफ
prekshakon	प्रेक्षकों	प्रेक्षकों
prem	प्रेम	प्रेम
premlata	प्रेमलता	प्रेमलता
prema	प्रेमा	प्रेमा
premi	प्रेमी	प्रेमी
profit	प्रॉफिट	प्रोफिट
processing	प्रॉसेसिंग	प्रोसेसिंग
programers	प्रोग्रामर्स	प्रोग्रामेसस
programmers	प्रोग्रामर्स	प्रोग्रामेस्स
programs	प्रोग्रामर्स	प्रोग्रासस
proto	प्रोटो	प्रोतो
propellant	प्रोपेलेंट	प्रोपललिंट
propellent	प्रोपेलेंट	प्रोपललिंट
praudh	प्रौढ	प्रौद्ध
proud	प्रौढ	प्रोड
plan	प्लेन	प्लान
plane	प्लेन	प्लेने
fund	फंड	फंड
funda	फंडा	फूंडा
funding	फंडिंग	फंडिंग
fandon	फंदों	फंडों
fagua	फगुआ	फागुआ
fatane	फटने	फटने
phatane	फटने	फटने
phatne	फटने	फटने
fadfadata	फड़फड़ाता	फड़फड़ता
phadphadata	फड़फड़ाता	फड़फड़ता
fatehgadh	फतेहगढ़	फतेहगढ़
fatehgarh	फतेहगढ़	फतेहगढ़
fabti	फब्ती	फबबती
phabti	फब्ती	फबबती
farse	फरसे	फार्स
pharase	फरसे	फरासे
pharse	फरसे	फर्स
farheen	फरहीन	फरहीं
farhin	फरहीन	फरहीन
farth	फर्थ	फरर्थ
ferth	फर्थ	फर्थ
pharth	फर्थ	फरर्थ
farmion	फर्मिऑन	फर्मियों
fermion	फर्मिऑन	फर्मिनों
firmian	फर्मिऑन	फर्मियां
farookhabad	फर्रुखाबाद	फरुखुबाद
farrukhabad	फर्रुखाबाद	फरुखबाड़
farukhabad	फर्रुखाबाद	फरुखबाबद
farookhnagar	फर्रूखनगर	फरुखंगार
farrukhnagar	फर्रूखनगर	फरुखंगार
farukhnagar	फर्रूखनगर	फरुखनागर
falata	फलता	फलता
falta	फलता	फलता
phalata	फलता	फलता
falne	फलने	फलने
phalne	फलने	फलने
falitarth	फलितार्थ	फलित्राथ
phalitartha	फलितार्थ	फलीत्राथा
falibhoot	फलीभूत	फलिभूत
falibhut	फलीभूत	फलिभूत
phalibhoot	फलीभूत	फलीभूत
favvara	फव्वारा	फववरा
fawaara	फव्वारा	फवारा
favvare	फव्वारे	फवववरे
fawaare	फव्वारे	फवारे
favvaron	फव्वारों	फववारों
fawaaron	फव्वारों	फवारों
faisala	फ़ैसला	फैसला
faisla	फ़ैसला	फैसला
follow	फ़ॉलो	फॉलो
faansi	फांसी	फांसी
fansi	फांसी	फंंसी
fatama	फातमा	फटमा
fatma	फातमा	फटमा
faaf	फाफ	फाफ
phaaph	फाफ	फाफ
farsi	फारसी	फारसी
forcee	फारसी	फॉर्सी
farm	फार्म	फर्म
form	फार्म	फॉर्म
farmic	फार्मिक	फार्मिक
formic	फार्मिक	फॉर्मिक
formulae	फार्मूले	फॉर्मूला
formule	फार्मूले	फॉर्मूल
formuley	फार्मूले	फॉर्मलल
pharmacy	फार्मेसी	फर्मेसी
pharma	फार्मों	फर्मा
pharmon	फार्मों	फर्मों
farms	फार्म्स	फर्म्स
finger	फिंगर	फिंगर
fikra	फिक्र	फिकरा
physician	फिजिशियन	फिजिसियन
firti	फिरती	फिरती
fisla	फिसला	फिसला
fislaa	फिसला	फिसला
feeder	फीडर	फीडर
fulaaye	फुलाए	फुलाए
fulae	फुलाए	फूलाए
fulay	फुलाए	फूलय
furti	फूर्ति	फुर्ती
phurti	फूर्ति	फुर्ती
fus	फूस	फूस
phoos	फूस	फूस
phus	फूस	फूस
feka	फेका	फेका
fefada	फेफड़ा	फेफड़ा
fefda	फेफड़ा	फेफड़ा
facial	फेशियल	फैसियल
fact	फैक्ट	फैक्ट
federal	फैडरल	फेडरल
failkar	फैलकर	फैलकर
failaaiye	फैलाइए	फैलाई
failaea	फैलाइए	फैलाईए
failaiya	फैलाइए	फैलाया
failaiye	फैलाइए	फैलाइए
failegi	फैलेगी	फैलेगी
font	फॉन्ट	फॉन्ट
fogat	फोगाट	फोगत
phogat	फोगाट	फोगत
fod	फोड़	फोड
phod	फोड़	फोड
foda	फोड़ा	फोडा
fodaa	फोड़ा	फोडा
phoda	फोड़ा	फोडा
fode	फोड़े	फोडे
phode	फोड़े	फोडे
fodo	फोड़ों	फोडो
fodon	फोड़ों	फोडों
phodo	फोड़ों	फोडो
fortis	फोर्टिस	फोर्ट्सस
fusion	फ्यूजन	फ्यूनियन
fuji	फ्यूजी	फुजी
fyuji	फ्यूजी	फ्यूजी
francisca	फ्रांसिस्का	फ्रेंसिस्टा
franciska	फ्रांसिस्का	फ्रेंसिक्सा
fransiska	फ्रांसिस्का	फ्रेंसिस्टा
francisco	फ्रांसिस्को	फ्रेंसिस्टो
francisko	फ्रांसिस्को	फ्रेंसिस्को
fransisko	फ्रांसिस्को	फ्रेंसिस्को
fringe	फ्रिंज	फ्रेंज
friendship	फ्रेंडशिप	फ्रींडचपप
frost	फ्रॉस्ट	फ्रॉस्ट
flin	फ्लिन	फ्लिन
flynn	फ्लिन	फ्लेन
flesh	फ्लेश	फ्लेश
bang	बंग	बैंग
bung	बंग	बंग
bangbandhu	बंगबंधु	बांबदंधु
bangbhang	बंगभंग	बांगभंग
bangash	बंगश	बांगश
bangsh	बंगश	बांगश
bantane	बंटने	बंटने
bantne	बंटने	बांटने
bandhati	बंधती	बंधाती
bandhti	बंधती	बांधती
bandhan	बंधान	बंधन
bandhuon	बंधुओं	बंधुओं
bamba	बंबा	बंबा
mumba	बंबा	मुंबा
bakaayon	बकायों	बकायों
bakayon	बकायों	बकायों
bakaul	बकौल	बकौल
bakoul	बकौल	बकोल
baksa	बक्सा	बक्स
baksi	बक्सी	बक्सी
bakse	बक्से	बक्से
bakhshane	बख्शने	बख़शने
bakhshne	बख्शने	बख़्शने
bagad	बगड़	बागड़
bagd	बगड़	बगड़
bageechi	बगीची	बगीची
bagichi	बगीची	बगीची
bachat	बचत	बचत
bachati	बचती	बचती
bachti	बचती	बचती
bajana	बजना	बजाना
bajrangi	बजरंगी	बजरंगी
bajaj	बजाज	बजज
batalvi	बटालवी	बालवाी
badhachadhakar	बढ़ाचढ़ाकर	बढ़चाघार
badata	बढ़ाता	बड़ता
badhaataa	बढ़ाता	बढ़ाता
badhata	बढ़ाता	बढ़ता
badhaati	बढ़ाती	बाधाती
badhati	बढ़ाती	बढ़ती
badhayi	बढ़ायी	बाधायी
badhav	बढ़ाव	बाधव
badhotari	बढ़ोतरी	बधोत्रारी
badhotri	बढ़ोतरी	बधोर्ती
batlaae	बतलाए	बतलाए
batlaaye	बतलाए	बतलाए
batlae	बतलाए	बतलाए
batlaye	बतलाए	बतलाए
batlaakar	बतलाकर	बतलाकर
batlakar	बतलाकर	बतलाकर
badlapur	बदलापुर	बदलापुर
badali	बदली	बदली
badli	बदली	बदली
badam	बदाम	बदम
banva	बनवा	बनवा
banvaa	बनवा	बनवा
banaam	बनाम	बनाम
banam	बनाम	बनम
bnaam	बनाम	बनाम
baniya	बनिया	बनिया
banu	बनू	बनु
barpaayaa	बरपाया	बर्ााया
barpaya	बरपाया	बर्पाया
barsa	बरसा	बरसा
barsaata	बरसाता	बरसाता
barsaataa	बरसाता	बरसाता
barsata	बरसाता	बरसता
barhad	बरहद	बारद
baraat	बरात	बरात
barat	बरात	बरात
braat	बरात	ब्रात
baraamad	बरामद	बरामदद
baramad	बरामद	बरामदद
bramad	बरामद	ब्रमाद
baramade	बरामदे	बरामदे
baramde	बरामदे	बरमादे
bare	बरे	बारे
birth	बर्थ	बीर्ठ
baljeet	बलजीत	बालजीत
baljit	बलजीत	बालजीत
ballabh	बल्लभ	बल्लभभ
balla	बल्ला	बल्ला
balli	बल्ली	बल्ली
basava	बसावा	बसवा
bastiyon	बस्तियों	बस्तियों
bahroopiya	बहरूपिया	बहरोपिया
bahrupiya	बहरूपिया	बहरापिया
bahamaas	बहामास	बहाास
bahamas	बहामास	बहामस
bahaav	बहाव	बहाव
bahav	बहाव	बहव
bhav	बहाव	भाव
bahavalpur	बहावलपुर	बहववलपुर
bahawalpur	बहावलपुर	बहावलपुर
bahuchara	बहुचरा	बहुचरा
banthia	बांठिया	बंठिया
banthiya	बांठिया	बंठिया
bandhate	बांधते	बंधाते
bandhte	बांधते	बंधते
banbi	बांबी	बांबी
bombi	बांबी	बोमबी
bounceron	बाउंसरों	बाउंसरों
bowling	बाउलिंग	बोलिंग
baku	बाकू	बाकू
bakuu	बाकू	बाकू
baag	बाग	बाग
bag	बाग	बाग
bagh	बाग	बाघ
bagabani	बागबानी	बागबनी
bagbani	बागबानी	बागबनी
bagali	बागली	बगली
bagli	बागली	बगली
baagiyon	बागियों	बागियों
bagiyon	बागियों	बागियों
baago	बागो	बागो
bago	बागो	बागो
baji	बाज़ी	बाजी
bazi	बाज़ी	बाजी
bajaru	बाजारू	बजारू
bazaru	बाजारू	बजारू
bajuon	बाजुओं	बाजुओं
badh	बाध	बाध
badha	बाधा	बढ़ा
baadhaaon	बाधाओं	बाधाओं
baadhaon	बाधाओं	बाधाओं
badhaaon	बाधाओं	बढ़ाओं
badhaon	बाधाओं	बढ़ाओं
baadhit	बाधित	बाधित
badhit	बाधित	बधित
baani	बानी	बानी
bani	बानी	बनी
baapa	बापा	बापा
baapaa	बापा	बापा
bapa	बापा	बापा
bapaa	बापा	बापा
baabat	बाबत	बाबत
babat	बाबत	बाबत
babt	बाबत	बैब्ट
bayern	बायर्न	बैयरन
byrun	बायर्न	बिरुण
barah	बारह	बरहह
baarahamaasee	बारहमासी	बारहमासी
barahamasi	बारहमासी	बरहामसी
barahmasi	बारहमासी	बरहामसी
barahsinga	बारहसिंगा	बारहसिंगा
barasingha	बारहसिंगा	बरसींघा
bala	बाला	बला
baalti	बाल्टी	बालती
balti	बाल्टी	बलती
balty	बाल्टी	बाल्टी
baldvin	बाल्डविन	बालद्वीन
baldwin	बाल्डविन	बाल्डवीन
bavaji	बावजी	बावाजी
bavji	बावजी	बावजी
baawaraa	बावरा	बावरा
bavra	बावरा	बावरा
bawara	बावरा	बावरा
baahulya	बाहुल्य	बाहुल्य
bahuly	बाहुल्य	बहुल्य
bahulya	बाहुल्य	बहुल्य
box	बाॅक्स	बॉक्स
bikherati	बिखेरती	बिखरती
bikherti	बिखेरती	बिखरती
biggest	बिगेस्ट	बाजेस्ट
bichhua	बिछुआ	बिछुआ
bichhuaa	बिछुआ	बिछुआ
biji	बिजी	बीजी
busy	बिजी	बस्सी
buzy	बिजी	बुजी
bipin	बिपिन	बिपिन
bilae	बिलाई	बिलाए
bilai	बिलाई	बिलाई
billa	बिल्ला	बिला
billaa	बिल्ला	बिला
bilhaur	बिल्हौर	बिलहूर
bisva	बिस्वा	बीसवा
biswa	बिस्वा	बिस्वा
bag	बीएजी	बाग
bikaner	बीकानेर	बिकनेर
bikaneri	बीकानेरी	बिकनेरी
bk	बीके	बीके
beejak	बीजक	बीजक
bijak	बीजक	बिजक
beef	बीफ	बीफ
beem	बीम	बीम
bim	बीम	बीम
beemon	बीमों	बीमों
bimon	बीमों	बीमों
beerganj	बीरगंज	बीरगंज
birganj	बीरगंज	बिरगंज
beesavaan	बीसवां	बीसवां
bisavan	बीसवां	बिसवन
bisawan	बीसवां	बीसवां
beast	बीस्ट	बेस्ट
budvig	बुडविग	बुद्डी
budwig	बुडविग	बुड़ीब
bull	बुल	बुल
bulaao	बुलाओ	बुलाओ
bulao	बुलाओ	बुलाओ
bule	बुले	बुले
bulletin	बुलेटिन	बुलेटिन
brijesh	बृजेश	ब्रीज
benvar	बेंवर	बेंवर
benwar	बेंवर	बेंवर
beaulad	बेऔलाद	बीलौड
bekaaboo	बेकाबू	बेगाबू
bekabu	बेकाबू	बेखबू
bechakar	बेचकर	बेचकर
bechkar	बेचकर	बेचकर
bechate	बेचते	बेचते
bechte	बेचते	बेचते
bediyan	बेड़ियां	बेडियां
bethanal	बेथनल	बेथनाल
bethnal	बेथनल	बेथनाल
benis	बेनिस	बेनिस
belacha	बेलचा	बेलचा
belcha	बेलचा	बेलचा
belinda	बेलिंडा	बेलंदा
bevkufana	बेवकूफाना	बेवकुफना
bewakoofaanaa	बेवकूफाना	बेवकोफाना
bewkufana	बेवकूफाना	बेतुमहान
besahaaraa	बेसहारा	बेसाहा
besahara	बेसहारा	बेसारा
basin	बेसिन	बेसिन
besin	बेसिन	बेसिन
basil	बेसिल	बेसिल
besil	बेसिल	बेसिल
bandage	बैंडेज	बंदगे
bandej	बैंडेज	बंदेज
baithantey	बैठते	बैठांती
baithate	बैठते	बैठते
baitool	बैतूल	बैटल
baitul	बैतूल	बैटुल
betul	बैतूल	बेतुल
baini	बैनी	बैनी
beni	बैनी	बेनी
bairakpur	बैरकपुर	बैराकपुर
barrackpore	बैरकपुर	बररक्ोपर
baila	बैला	बेला
bella	बैला	बेला
ballistic	बैलिस्टिक	बेलिस्टिकट
bells	बैल्स	बेल्स
bostan	बॉस्टन	बोस्टन
bosten	बॉस्टन	बोस्टन
boston	बॉस्टन	बोस्टन
bokaro	बोकारो	बोकरो
bodara	बोदरा	बोदरा
bodra	बोदरा	बोद्रा
bodraa	बोदरा	बोदरा
bona	बोना	बोना
borkar	बोरकर	बोरकर
borivali	बोरीवली	बोरिवाली
boriwali	बोरीवली	बोरिवाली
born	बोर्न	बॉर्न
bolane	बोलने	बोलने
boliae	बोलिए	बोलिया
boliy	बोलिए	बोलीय
boliye	बोलिए	बोलीए
bosaan	बोसान	बोसनन
bosan	बोसान	बोसन
bauni	बौनी	बौनी
bouni	बौनी	बौनी
byaawa	ब्यावर	बयावा
byavar	ब्यावर	ब्यावर
brajesh	ब्रजेश	ब्रजेश
brijesh	ब्रजेश	ब्रीज
brahmalin	ब्रह्मलीन	ब्रहामालीन
brahmleen	ब्रह्मलीन	ब्रह्माीन
brahmlin	ब्रह्मलीन	ब्रह्मालीन
bravo	ब्रावो	ब्रववो
brigatn	ब्रिगटन	ब्रिग्टन
brighton	ब्रिगटन	ब्रीटटों
brigton	ब्रिगटन	ब्रगटन
brigadier	ब्रिगेडियर	ब्रिगाइडर
britain	ब्रिटेन	ब्रिटेन
breed	ब्रीद	ब्रीड
brock	ब्रोक	ब्रॉक
brok	ब्रोक	ब्रोक
broke	ब्रोक	ब्रोक
brocken	ब्रोकन	ब्रॉकन
broken	ब्रोकन	ब्रोकेन
blosam	ब्लॉसम	ब्लॉसस
blossom	ब्लॉसम	ब्लॉज़
bhagaane	भगाने	भगगने
bhagane	भगाने	भगगने
bhadakaaya	भड़काया	भड़काया
bhadakaya	भड़काया	भड़काया
bhadkaayaa	भड़काया	भड़काया
bhadkaya	भड़काया	भड़काया
bharakaaya	भड़काया	भड़काया
bharakaya	भड़काया	भड़काया
bhabhoot	भभूत	भभूत
bhabhut	भभूत	भभूत
bhay	भय	भाय
bhaya	भय	भाया
bhayo	भयो	भायो
bharatanatyam	भरतनाट्यम्	भारतनात्यम
bharatnatyam	भरतनाट्यम्	भारतनात्यम
bhartnatyam	भरतनाट्यम्	भर्तनात्यम
bharate	भरते	भरते
bharte	भरते	भरते
bharani	भरनी	भरणी
bharni	भरनी	भरणी
bharane	भरने	भरने
bharne	भरने	भरने
bhara	भरा	भरा
bhavishya	भविष्य	भविष्य
bhaate	भाते	भाते
bhate	भाते	भाते
bhanu	भानू	भानु
bhabar	भाबर	भाबर
bhareeye	भारीय	भरीए
bhariy	भारीय	भरीय
bhavanaon	भावनाओं	भावनाओं
bhavnaon	भावनाओं	भानाओं
bhaskar	भास्कर	भास्कर
bheed	भीड़	भीड
bheera	भीरा	भीरा
bhira	भीरा	भीरा
bheesham	भीष्म	भीमर
bhisham	भीष्म	भीम्म
bhishm	भीष्म	भिम्ष
bhugat	भुगत	भुगत
bhugata	भुगता	भुगता
bhugta	भुगता	भुगता
bhutto	भुट्टो	भुत्तो
bhumi	भुमि	भूमि
bhurbhura	भुरभुरा	भूरभरुा
bhookh	भूख	भूख
bhukh	भूख	भूख
bhookhi	भूखी	भूखी
bhukhi	भूखी	भूखी
bhoogol	भूगोल	भूगोल
bhugol	भूगोल	भुगोल
bhootal	भूतल	भूतल
bhutal	भूतल	भूतल
bhoopsingh	भूपसिंह	भूपिंघ
bhupsingh	भूपसिंह	भूपसिंह
bhumi	भूमी	भूमि
bhumika	भूमी	भूमिका
bhulata	भूलता	भुलता
bhulataa	भूलता	भुलता
bhulta	भूलता	भुलता
bhula	भूला	भुला
bhulaa	भूला	भुला
bhooli	भूली	भूली
bhuli	भूली	भुली
bhulo	भूलो	भुलो
bhulon	भूलों	भुलों
bhusi	भूसी	भूसी
bhooswaami	भूस्वामी	भूस्मामी
bhusvami	भूस्वामी	भूस्वमी
bhuswami	भूस्वामी	भूस्वमी
bhengapan	भेंगापन	भेगनान
bhairavnath	भैरवनाथ	भैरावनाथ
bhairo	भैरो	भैरो
bhogatey	भोगते	भोगते
bhogte	भोगते	भोगते
bhola	भोला	भोला
bholi	भोली	भोली
bholu	भोलू	भोलूू
bhaunho	भौंहों	भौंहों
bhaunhon	भौंहों	भौंधों
bhoonhon	भौंहों	भूनोहों
bhraant	भ्रांत	भ्रांत
bhrant	भ्रांत	भ्रंंत
brant	भ्रांत	ब्रंंट
bhraanti	भ्रांति	भ्रांति
bhranti	भ्रांति	भ्रंति
branti	भ्रांति	ब्रांति
bhraantiyan	भ्रांतियां	भ्रांतियां
bhrantiyan	भ्रांतियां	भ्रंतियां
bhraantiyon	भ्रांतियों	भ्रांतियों
bhrantiyon	भ्रांतियों	भ्रंतियों
mangesh	मंगेश	मांगेश
manch	मंच	मांच
manchit	मंचित	मानचित
mancheeye	मंचीय	मानचीय
manchiy	मंचीय	मानचीय
manchiya	मंचीय	मानचिया
manchon	मंचों	मांचों
manjil	मंजिल	मंजिल
manzil	मंजिल	मंजील
manjila	मंजिला	मंजीला
manzila	मंजिला	मंजीला
manjilein	मंजिलें	मंजिलें
manjilen	मंजिलें	मंजिलें
manzilein	मंजिलें	मंजीलेन
manto	मंटो	मांतो
mantriyon	मंत्रियों	मांत्रियों
makrani	मकरानी	मकरानी
maksad	मक्सद	मकसद
makhdumpur	मखदुमपुर	मखुमपुुर
machaaye	मचाए	मचाए
machae	मचाए	मचाए
machaye	मचाए	मचाए
machaanon	मचानों	मचानों
machanno	मचानों	मचननों
machano	मचानों	मचानो
machanon	मचानों	मचानों
madaura	मढ़ौरा	मदौरा
madhuara	मढ़ौरा	मधुरा
madhura	मढ़ौरा	मधुरा
manipal	मणिपाल	मानिपाल
matpatron	मतपत्रों	मात्प्रतों
matthe	मत्थे	मत्थे
matsyavatar	मत्स्यावतार	मत्स्यवतार
matsyavtar	मत्स्यावतार	मत्स्यवत
masyendranath	मत्स्येंद्रनाथ	मस्यंद्रनशाथ
matsyendranath	मत्स्येंद्रनाथ	मत्स्येंभानदा
madhupur	मधुपुर	मधुपुर
manmarji	मनमर्जी	मंमराजी
manae	मनाए	मनाए
manaye	मनाए	मनाए
mnaey	मनाए	मनाए
mam	मम	ममम
mum	मम	मूम
maryokar	मयोर्का	मरयोकार
mayorka	मयोर्का	मायोरका
mayorkaa	मयोर्का	मायोरा
mardaani	मरदानी	मरदानी
mardani	मरदानी	मरदानी
marmar	मरमर	मरमार
murmur	मरमर	मुर्मुर
maratha	मराठा	मराथा
marathi	मराठी	मराथी
marji	मर्जी	मर्जी
mardanagi	मर्दानगी	मररदानली
mardangi	मर्दानगी	मररदंगी
mardo	मर्दों	मार्दो
mardon	मर्दों	मार्दों
maryaadaa	मर्यादा	मर्यादा
maryada	मर्यादा	मर्यादा
maryaadaaon	मर्यादाओं	मर्यादाओं
maryadaon	मर्यादाओं	मर्यादाओं
malaga	मलागा	मलागा
malaar	मलार	मलार
malar	मलार	मललर
mashrak	मशरक	मशर्क
masaaledaar	मसालेदार	मसालेदार
masaledaar	मसालेदार	मसालेदार
masaledar	मसालेदार	मसालेदार
masoor	मसूर	मसूर
masur	मसूर	मसूर
masse	मस्से	मससे
mahakane	महकने	महाकने
mahakne	महकने	महकने
mahkane	महकने	महकाने
mehkane	महकने	महकाने
mahalon	महलों	महालों
mahlon	महलों	महलों
mahagranth	महाग्रंथ	महागरंंथ
mhagranth	महाग्रंथ	महाग्रंथ
mahajan	महाजन	महजान
mhajan	महाजन	महाजन
mahathir	महाथिर	महातीर
mhathir	महाथिर	महत्हिर
mahanatam	महानतम	महानतम
mahantam	महानतम	महंतम
mhantam	महानतम	महानतम
mahanideshak	महानिदेशक	महानिदेशक
mahanirdeshak	महानिदेशक	महानिर्दाशक
mhanideshak	महानिदेशक	महानिदेशक
mahapauron	महापौरों	महापरों
mhapauron	महापौरों	महापौरों
mahapran	महाप्राण	महापरण
mhapran	महाप्राण	महाप्रण
mahamantr	महामंत्र	महामंत्र
mahamantra	महामंत्र	महामंत्र
mhamantra	महामंत्र	महामंत्र
maharaja	महाराजा	महाराजा
mahavigyan	महाविज्ञान	महाविज्ञान
mhavidyan	महाविज्ञान	महाविद्यान
mahavidya	महाविद्या	महाविद्य
mhavidya	महाविद्या	महाविद्य
mahavishnu	महाविष्णु	महाविशुण
mahasingh	महासिंह	महासिंह
mahasinh	महासिंह	महासिंह
mahipal	महिपाल	महिपाल
mahin	महीन	महिं
mahinon	महीनों	महिनों
maang	मांग	मांग
mang	मांग	मांग
mangani	मांगनी	मंगनी
mangni	मांगनी	मांगनी
maanga	मांगा	मांगा
manga	मांगा	मांगा
maangi	मांगी	मांगी
mangi	मांगी	मांगी
maange	मांगे	मांगे
mange	मांगे	मांगे
mango	मांगो	मांगो
maori	माओरी	मारी
maajin	माजिन	माजिन
majin	माजिन	माजिन
mathe	माथे	माते
mathey	माथे	मठे
maap	माप	माप
map	माप	मैप
mop	माप	मोप
mamooli	मामूली	माूली
mamuli	मामूली	माूूली
mame	मामे	ममम
maarvaad	मारवाड़	मार्वाद
marvad	मारवाड़	मर्वद
marwar	मारवाड़	मरवार
maariya	मारिया	मारिया
mariya	मारिया	मारिया
maariyo	मारियो	मारियो
mario	मारियो	मैरियो
mariyo	मारियो	मारियो
martha	मार्था	मरर्था
maalish	मालिश	मालिश
malish	मालिश	मालिश
mave	मावे	मेव
mavey	मावे	मावे
maas	मास	मास
mas	मास	मास
mass	मास	मास
maason	मासों	मासों
mason	मासों	मसों
mitaao	मिटाओ	मिटाओ
mitao	मिटाओ	मिटाओ
mithaai	मिठाई	मिठाई
mithai	मिठाई	मिठाई
media	मिडिया	मेडिया
mithila	मिथिला	मिठिला
mithilanchal	मिथिलांचल	मिथललंंचल
mithya	मिथ्या	मिठ्य
mimicry	मिमिक्री	मिमिक्री
milkiyat	मिल्कियत	मिलकीयत
misha	मिशा	मिशा
mungeri	मुंगेरी	मुंगरी
mundva	मुंडवा	मुंडवा
mundwa	मुंडवा	मुंडवा
munshiganj	मुंशीगंज	मुंशिगंज
mukarte	मुकरते	मुकरते
mukartey	मुकरते	मुकरते
mukhopadhyaya	मुखोपाध्याय	मुखपूर्धया
mukhyopadhyaay	मुखोपाध्याय	मुख्योहद्य
mukhyamantri	मुख्यमंत्री	मुख्यमंत्री
munaf	मुनाफ	मुनाफ
munafa	मुनाफा	मुनफा
munnu	मुन्नू	मुन्नू
mufalisi	मुफलिसी	मुफलीसी
muflisi	मुफलिसी	मफफल्सी
mubarakpur	मुबारकपुर	मुबारपुरम
mubarkpur	मुबारकपुर	मुबारपुर
murjha	मुर्झा	मुर्झा
multae	मुल्ताई	मूलताए
multai	मुल्ताई	मूलताई
mushahid	मुशाहिद	मुशाधिदी
muhavare	मुहावरे	मुहावरे
muhavre	मुहावरे	मुहावरे
mooth	मूठ	मूथ
muth	मूठ	मूथ
mood	मूड	मूद
mud	मूड	मुद
moodi	मूडी	मूदी
moody	मूडी	मूद्ी
mool	मूल	मूल
mul	मूल	मूल
moolchand	मूलचंद	मूलचंदद
mulchand	मूलचंद	मूलचंदद
moolar	मूलर	मूलर
mular	मूलर	मूलर
muller	मूलर	म्लूलर
moolon	मूलों	मूलों
mulon	मूलों	मूलों
maxico	मेक्सिको	मैक्सिको
mexico	मेक्सिको	मेक्सिको
mega	मेगा	मेगा
megapixal	मेगापिक्सल	मैकेप्रिलल
megapixel	मेगापिक्सल	मैकेप्रिंग
mejbaan	मेजबान	मेजबान
mejban	मेजबान	मेजबान
mezbaan	मेजबान	मेजबान
mejabani	मेजबानी	मेजबानी
mejbaani	मेजबानी	मेजबानी
mejbani	मेजबानी	मेजबानी
mezabani	मेजबानी	मेजबानी
mejbaan	मेज़बान	मेजबान
mejban	मेज़बान	मेजबान
mezbaan	मेज़बान	मेजबान
mejbaani	मेज़बानी	मेजबानी
mejbani	मेज़बानी	मेजबानी
mezbaani	मेज़बानी	मेजबानी
mate	मेट	माते
met	मेट	मेट
mates	मेट्स	मेट्स
medical	मेडीकल	मेडिकल
methanol	मेथेनॉल	मेथनोल
menu	मेनू	मेनुू
mem	मेम	मेम
melaghaat	मेलघाट	मेलाघात
melghat	मेलघाट	मेलगाट
melaanin	मेलानिन	मेलानिन
melanin	मेलानिन	मेलानिन
melaani	मेलानी	मेलानी
melani	मेलानी	मेलानी
maheman	मेहमान	महेमन
mehamaan	मेहमान	मेहमान
mehaman	मेहमान	मेमान
mehmaan	मेहमान	मेहमान
mehman	मेहमान	मेहमान
meharaam	मेहराम	मेहराम
mehram	मेहराम	मेहरम
macbook	मैकबुक	मैकबूक
matix	मैट्रिक्स	मैट्रिक्स
matrix	मैट्रिक्स	मैट्रिक्स
mad	मैड	माद
made	मैड	मडड़े
maid	मैड	मैद
maddy	मैडी	मद्दी
maidi	मैडी	मैदी
main	मैन	मैन
man	मैन	मान
men	मैन	मेन
mainan	मैनन	मैनान
menon	मैनन	मेनों
manner	मैनर	माननर
maina	मैना	मैनाा
maine	मैने	मैने
marrej	मैरेज	मरेेज
marriage	मैरेज	मैरिज
merraige	मैरेज	मेरेज
maisachusets	मैसाचुसेट्स	मैसाचचंस्सस
massachusetts	मैसाचुसेट्स	मैसाचचोंस्ट्सस
maisor	मैसोर	मैसरर
maisore	मैसोर	मैसोर
mysore	मैसोर	मैसरर
mod	मॉड	मॉड
mode	मॉड	मोडे
modern	मॉडर्न	मॉडर्न
module	मॉड्यूल	मोड़ुले
modules	मॉड्यूल्स	मॉडल्स
modyuls	मॉड्यूल्स	मॉड्यूल्स
mauritious	मॉरिशस	मॉरिशिज
mauritius	मॉरिशस	मॉरिशिस
mogali	मोगली	मोगली
mowgli	मोगली	मोगली
motive	मोटिव	मोटवी
mol	मोल	मॉल
mold	मोल्ड	मॉल्ड
moshe	मोशे	मोशे
mosad	मोसाद	मोसद
mohana	मोहाना	मोहना
mohani	मोहानी	मोहनी
mohini	मोहिनी	मोहिनी
mohim	मोहिम	मोहिम
maukon	मौकों	मौकों
mauma	मौमा	मौमा
maurya	मौर्या	मौर्य
morya	मौर्या	मोर्य
maurya	मौर्यों	मौर्य
mauryon	मौर्यों	मौर्यों
moryon	मौर्यों	मोर्यों
maulaviyon	मौलवियों	मौलवियों
maulvidon	मौलवियों	मौलविदों
maulviyon	मौलवियों	मौलवियों
maule	मौले	मौले
mauley	मौले	मौले
mausa	मौसा	मौसा
yatn	यत्न	यतन
yatna	यत्न	याटना
yada	यदा	यादा
yda	यदा	एजडीए
yaduvansh	यदुवंश	यदुदंव
yaduwansh	यदुवंश	यदुदंव
jerusalem	यरूशलेम	जेरसुलेम
yarooshaleim	यरूशलेम	यरूपालिम
yarushalem	यरूशलेम	यरूशलेम
yashpaal	यशपाल	यशपाल
yashpal	यशपाल	यशपल
yaatna	यातना	यातना
yatna	यातना	याटना
yaatanaon	यातनाओं	यातनाओं
yatnaon	यातनाओं	यानाओं
yarayan	यात्राएं	यारायन
yatraein	यात्राएं	यात्राएं
yatraen	यात्राएं	यात्राएं
yaariyan	यारियां	यारियां
yariyan	यारियां	यारियां
yaari	यारी	यारी
yari	यारी	यारी
yugam	युग्म	युगम
yugm	युग्म	युग्म
yuddhrat	युद्धरत	युद्धारत
yudhrat	युद्धरत	युद्रात
ukrainian	यूक्रेनियन	यूक्रिनियन
ukranian	यूक्रेनियन	यरक्नियां
jerusalem	येरुशलम	जेरसुलेम
yorker	यॉर्कर	यॉर्कर
yojanaein	योजनाएं	योजनाएं
yojanaen	योजनाएं	योजनाएं
yojanaye	योजनाएं	योजनाए
rangate	रंगते	रंगते
rangte	रंगते	रंगते
rangkata	रंजकता	रंगकता
ranjkatha	रंजकता	रंजक्था
ranjkta	रंजकता	रंजकता
raees	रईस	रईस
rais	रईस	रेस
raktaabh	रक्ताभ	रक्तभभ
raktabh	रक्ताभ	रक्तभभ
rakhna	रखना	रखना
raghupati	रघुपति	रघुपति
raghuram	रघुराम	रघुराम
registerd	रजिस्टर्ड	रेजिस्टर्ड
registered	रजिस्टर्ड	रेजिस्ट्रेड
ratanpur	रतनपुर	रतनपुर
runners	रनर्स	रन्र्स
rayan	रयान	रायन
ryan	रयान	रयान
ralhan	रल्हन	राहान
ravish	रविश	रविश
ravael	रवैल	रवाले
ravel	रवैल	रेवल
rawail	रवैल	रावल
rasad	रसद	रसद
rasaayanik	रसायनिक	रसायानिक
rasaayanika	रसायनिक	रसायानिका
rasayanika	रसायनिक	रसायनीका
rasyanik	रसायनिक	रसान्यिक
rasaayanon	रसायनों	रसायनों
rasayanon	रसायनों	रसायनों
rahamat	रहमत	रहमत
rahmat	रहमत	रहमत
rhamat	रहमत	रहमत
rahenge	रहेंगे	रहेंगे
rahegi	रहेगी	रहेगी
rounder	राउंडर	राउंडर
raak	राक	राक
rak	राक	रक
raakhe	राखे	राखे
rakhe	राखे	रखे
raagon	रागों	रागों
ragon	रागों	रागों
raghavan	राघवन	राघवान
raaj	राज	राज
raj	राज	राज
rajkot	राजकोट	राजकोत
rajtantra	राजतंत्र	राजतंत्र
raajneetikaran	राजनीतीकरण	राजनेतिकरण
rajneetikaran	राजनीतीकरण	राजनेत्राकण
rajnitikaran	राजनीतीकरण	राजनीतिकरण
rajma	राजमां	राजमा
rajman	राजमां	राजमान
raajasva	राजस्व	राजसवा
rajasva	राजस्व	राजसवा
raaji	राजी	राजी
raji	राजी	राजी
rajinaama	राजीनामा	राजीनामा
rajinama	राजीनामा	राजीनमा
raajon	राजों	राज़ों
rajon	राजों	राजों
rana	राणा	रणना
raatrichar	रात्रिचर	रात्रिचार
ratrichar	रात्रिचर	रत्रिचार
raadhe	राधे	राधे
radhe	राधे	राधे
ranapur	रानापुर	रानपुर
rabin	राबिन	रबीन
robin	राबिन	रोबिन
rabha	राभा	रभा
ramkot	रामकोट	रामकोट
ramkote	रामकोट	रामकोते
ramtek	रामटेक	रामतेक
rampur	रामपुर	रामपुर
rambharose	रामभरोसे	रामभारोस
rambharosey	रामभरोसे	रामभारोसी
ramraj	रामराज	रामराज
raalod	रालोद	रालोड
ralaud	रालोद	तालौद
ralod	रालोद	रालोड
ravaley	रावले	रवाले
ravle	रावले	रावले
rasayanik	रासायनिक	रसायनिक
racreation	रिक्रिएशन	रैक्रियेशन
recreation	रिक्रिएशन	रिकेर्रिशन
rig	रिग	रिग
riggs	रिग्स	रिग्सस
rigs	रिग्स	रिग्स
richual	रिचुअल	रिचुलल
ritual	रिचुअल	ऋतुतुल
reduction	रिडक्शन	रेड्चक्टन
ripan	रिपन	रिपान
ripon	रिपन	रिपों
ria	रिया	रिआ
riya	रिया	रिया
rishte	रिश्ते	रिश्ते
rishtey	रिश्ते	रिश्ते
risane	रिसने	रिसने
risaney	रिसने	रिसने
risne	रिसने	रिसने
rihana	रिहाना	रिहाना
rihanna	रिहाना	रिहानना
regal	रीगल	रेगल
rigal	रीगल	रिगल
reasonal	रीजनल	रिसोनल
regional	रीजनल	रेजिनल
retreate	रीट्वीट	रिटरेट
retweet	रीट्वीट	रिटवीट
reeta	रीता	रीता
rita	रीता	रीता
rukate	रुकते	रुकते
rukte	रुकते	रुकते
ruktey	रुकते	रुकते
rugan	रुग्ण	रुगन
rugna	रुग्ण	रूग्ण
ruganta	रुग्णता	रुगाता
rugnata	रुग्णता	रुग्ाता
rojvelt	रुजवेल्ट	रोजेवल्ट
roojwelt	रुजवेल्ट	रूज़वेल्ट
roosevelt	रुजवेल्ट	रूजवेलल्ट
rodolph	रुडोल्फ	रोडोल्फ
rudolf	रुडोल्फ	रूडोल्फ
rudolph	रुडोल्फ	रूडोल्फ
roopesh	रुपेश	रूपेश
rupesh	रुपेश	रुपेश
ruby	रुबी	रूबी
roomani	रुमानी	रूमनी
rumani	रुमानी	रुमानी
rukavaton	रूकावटों	रुकावतों
root	रूट	रूट
route	रूट	रुउत
rooting	रूटिंग	रुटिंग
routine	रूटिंग	राउटन
routing	रूटिंग	राउंगग
roots	रूट्स	रूट्स
routes	रूट्स	राउट्स
roopak	रूपक	रुपक
rupak	रूपक	रुपक
roopi	रूपी	रूपी
rupi	रूपी	रूपी
rantle	रेंटल	रैंटल
rental	रेंटल	रेंटल
registan	रेगिस्तान	रेजिस्तान
registani	रेगिस्तानी	रेजिस्तानी
reja	रेजा	रेजा
reza	रेजा	रेजा
rate	रेट	रते
rate	रेत	रते
ret	रेत	रेत
refaeli	रेफेली	रिफेली
refeli	रेफेली	रेफली
reshe	रेशे	रेशे
reshey	रेशे	रेशे
race	रेस	रेस
rese	रेस	रेज
racer	रेसर	रेसर
recer	रेसर	रेसर
racing	रेसिंग	रेसिंग
reson	रेसों	रेसों
rehaana	रेहाना	रेहाना
rehana	रेहाना	रेहना
racketeer	रैकेटियर	रैकलेटर
racketier	रैकेटियर	रैकलेटर
rectare	रैकेटियर	रिक्टरे
radical	रैडिकल	रेडिकल
raidical	रैडिकल	रेडिकल
raith	रैथ	राथ
rapping	रैपिंग	रेपिंग
wrapping	रैपिंग	रैपरिंग
robertsan	रॉबर्टसन	रॉबर्ट्सन
robertson	रॉबर्टसन	रॉबर्टेन
robinson	रॉबिंसन	रॉबिनसन
royals	रॉयल्स	रॉयल्स
rojlin	रोजलिन	रोजलिन
rozlyn	रोजलिन	रोजनल
rotation	रोटेशन	रोटेशन
rodrigo	रोड्रिगो	रॉड्रियो
ronaldo	रोनाल्डो	रोनालडो
ronit	रोनित	रोनित
roni	रोनी	रोनी
ropane	रोपने	रोपने
ropaney	रोपने	रोपने
ropne	रोपने	रोपने
robin	रोबिन	रोबिन
roya	रोया	रोया
rollers	रोलर्स	रोलर्स
rovan	रोवन	रोवन
rowan	रोवन	रोवन
rosario	रोसारियो	रोसरियो
rosariyo	रोसारियो	रोसरियो
raubadaar	रौबदार	रौबादार
raubadar	रौबदार	रौबादार
raubdar	रौबदार	राउबदार
landara	लंगड़ा	लंडरा
langada	लंगड़ा	लंगड़ा
langda	लंगड़ा	लांगड़ा
langar	लंगर	लंगार
langaron	लंगरों	लंगारों
langron	लंगरों	लंगड़ों
lambi	लंबी	लंबी
lakeer	लकीर	लाकीर
lakir	लकीर	लाकिर
lakiron	लकीरों	लाकिरों
lakme	लक्मे	लकके
lakshmidhar	लक्ष्मीधर	लक्ष्मीदार
lakshmighar	लक्ष्मीधर	लक्ष्मीगार
lakshy	लक्ष्य	लक्ष्य
lakshya	लक्ष्य	लक्ष्य
lakshyon	लक्ष्यों	लक्ष्यों
lux	लक्स	लक्स
laksar	लक्सर	लक्सर
luxor	लक्सर	लक्सोर
lakhkhi	लख्खी	लखखी
lagna	लगना	लगना
laganewale	लगनेवाले	लगनेवाले
lagnevaaley	लगनेवाले	लगनेवाले
lagnewale	लगनेवाले	लगनेवाले
lagega	लगेगा	लगेगा
lajjalu	लज्जालु	लज़मलू
latkate	लटकाते	लटकते
ladki	लड़की	लड़की
ladate	लड़ते	लादते
ladte	लड़ते	लड़ते
ladaai	लड़ाई	लडडाई
ladai	लड़ाई	लड़ाई
ladaaiyon	लड़ाईयों	लड़ाइयों
ladaeyon	लड़ाईयों	लड़ाएंं
ladaiyon	लड़ाईयों	लड़ाइयों
lapetane	लपेटने	लेपटेन
lapetne	लपेटने	लेपटेन
labada	लबादा	लाबदा
lbada	लबादा	लबदा
labdh	लब्ध	लाबद
lbdh	लब्ध	एलबीडी
lalak	ललक	लाक
lalkarata	ललकारता	ललकारता
lalkarta	ललकारता	ललकार्ता
lalla	लल्ला	ललला
lavasa	लवासा	लावसा
lovasa	लवासा	लोवासा
lassi	लस्सी	लासी
lahanaa	लहना	लहना
lahna	लहना	लहना
lehna	लहना	लहना
lahraee	लहराई	लहराई
lahrai	लहराई	लहराई
lehrayi	लहराई	लहरायी
lahalhati	लहलहाती	लहलाहती
lahlahaati	लहलहाती	लहलहााती
lahlahati	लहलहाती	लहलाहती
lahsun	लहसुन	लहसून
lasoon	लहसुन	लासून
lanchar	लांचर	लांचार
launcher	लांचर	लाफचर
lycopene	लाइकोपिन	लाककोों
lime	लाइम	लाइम
lives	लाइव्स	लाइवेस
live	लाईव	लाइव
laegi	लाएगी	लाएगी
lagataar	लागातार	लगातार
lagatar	लागातार	लगततर
laata	लाता	लाता
lata	लाता	लाता
laati	लाती	लाती
lati	लाती	लाती
layega	लायेगा	लाएगा
lalpur	लालपुर	ललपपुर
las	लास्ट	लास
last	लास्ट	लस्त
lindbhed	लिंगभेद	लिंदभेड
lingbhed	लिंगभेद	लिंगभेड
lindan	लिंडन	लिंडन
lindn	लिंडन	लिंडन
lindon	लिंडन	लिंडों
likhakar	लिखकर	लिखाकर
likhkar	लिखकर	लिखकर
ligar	लिगर	लिगर
liger	लिगर	लाइजर
liberation	लिबरेशन	लाइब्रेशन
libration	लिबरेशन	लाइब्रेशन
liberation	लिब्रेशन	लाइब्रेशन
libration	लिब्रेशन	लाइब्रेशन
leaderon	लीडरों	लीडरों
leedaron	लीडरों	लीडारों
lidaron	लीडरों	लिडारों
liidaron	लीडरों	लीदारों
louis	लुईस	लुईस
luis	लुईस	लुईस
ludhakate	लुढ़कते	लुढ़कते
ludhkate	लुढ़कते	लुढ़कते
lurhakate	लुढ़कते	लुढ़कते
lutf	लुत्फ	लुटफ
lumding	लुमडिंग	लुम्डिंग
lootmaar	लूटमार	लूटमार
lootmar	लूटमार	लूटमार
landal	लेंडल	लैंडल
lendal	लेंडल	लेंडल
lega	लेगा	लेगा
legaa	लेगा	लेगा
letakar	लेटकर	लेटकर
letkar	लेटकर	लेटकर
lenevali	लेनेवाली	लेनेवाली
lenewali	लेनेवाली	लेनेवाली
label	लेबल	लेबल
labeling	लेबलिंग	लेबलिंग
labelling	लेबलिंग	लेबलिंग
labelo	लेबलों	लेबलों
labelon	लेबलों	लेबलों
lebalon	लेबलों	लेबलों
lemon	लेमन	लेमोन
laingadan	लैंगडन	लैंगदान
langdon	लैंगडन	लांगड़ों
lengdan	लैंगडन	लेंग्डन
laigikata	लैंगिकता	लाइगितता
laingikta	लैंगिकता	लैंगिकता
lanset	लैंसेट	लैंसेट
lenset	लैंसेट	लेंसेट
lairi	लैरी	लैरी
lairy	लैरी	लैरी
larry	लैरी	लारी
lace	लैस	लेस
less	लैस	लेस
locket	लॉकेट	लॉकेट
laundry	लॉन्ड्री	लाउड्री
longewal	लोंगोवाल	लोंगवाल
longewala	लोंगोवाल	लोंगेवाला
longoval	लोंगोवाल	लोनगुवल
log	लोग	लॉग
loge	लोगे	लोगे
lochdar	लोचदार	लोचदार
lodi	लोदी	लोडी
laurence	लौरेंस	लारेंस
laurens	लौरेंस	लारेंस
laurense	लौरेंस	लारेंस
wonder	वंडर	वंडर
vansh	वंश	वंश
vanshdhar	वंशधर	वंशद्र
vanshavad	वंशवाद	वंशवाद
vanshvaad	वंशवाद	वंशवाद
vanshvad	वंशवाद	वंशवाद
wanshwad	वंशवाद	वंशवाद
vajood	वजूद	वाजूद
vajud	वजूद	वाजूद
wajood	वजूद	वाजूद
vadali	वडाली	वडली
vadli	वडाली	वादली
wadali	वडाली	वादली
vanita	वनिता	वानिता
vareinye	वरेण्य	वेरिने
varenya	वरेण्य	वरीनिया
varn	वर्ण	वॉर्न
varna	वर्ण	वर्ना
varnit	वर्णित	वर्णित
vartamaan	वर्तमान	वर्तमान
vartaman	वर्तमान	वार्तमान
vartmaan	वर्तमान	वर्तमान
vartman	वर्तमान	वार्तमान
varddhaman	वर्द्धमान	वर्द्धमान
vardhmaan	वर्द्धमान	वर्धमान
vardhman	वर्द्धमान	वर्धमान
verbal	वर्बल	वर्बल
varshan	वर्शन	वर्षण
vasharan	वर्शन	वारारण
vershan	वर्शन	वर्शन
version	वर्शन	वर्सिनों
varsaache	वर्साचे	वर्साचे
varsaryache	वर्साचे	वररस्याचे
vasearche	वर्साचे	वासरर्ची
valkan	वल्कन	वालकन
valkkan	वल्कन	वाक्कन
velkan	वल्कन	वेलकन
vash	वश	वाश
vashikaran	वशीकरण	वाष्कीरण
vaangchuk	वांगचुक	वांछकोप
vangchuk	वांगचुक	वंंघकुक
wangchuk	वांगचुक	वंंगुक
want	वांट	वांट
vije	वाइज	विजे
vise	वाइज	वाइस
wise	वाइज	वाइस
vatar	वाटर	वातर
water	वाटर	वाटर
watson	वाटसन	वातसों
wattson	वाटसन	वॉट्सन
vaan	वाण	वान
waan	वाण	वान
vaanon	वाणों	वानों
vanon	वाणों	वनों
wanon	वाणों	वानों
vatanukulan	वातानुकूलन	वातनकुलान
watanukoollan	वातानुकूलन	वातनुकूल्लान
vaadak	वादक	वादक
vadak	वादक	वादक
vaadiyon	वादियों	वादियों
vadiyon	वादियों	वादियों
wadiyon	वादियों	वादियों
vayana	वायना	वायना
vayna	वायना	वायना
wayna	वायना	वायना
wireless	वायरलेस	वायरलेस
wirerless	वायरलेस	वायरेजर्स
warrior	वारियर्स	वारियर
warriors	वारियर्स	वॉरिरिसस
valve	वाल्व	वालवे
wolv	वाल्व	वूलव
vastavik	वास्तविक	वास्तविक
vastvik	वास्तविक	वास्तविक
vaahikayen	वाहिकाएं	वाहिकाएं
vahikayen	वाहिकाएं	वाहिकाएं
wahikayan	वाहिकाएं	वाहिकाएं
winter	विंटर	विंटर
vincent	विंसेंट	विंसेंट
vikalpon	विकल्पों	विकल्पों
wicket	विकेट	विकेट
vikramjeet	विक्रमजीत	विक्रमजित
vikramjit	विक्रमजीत	विक्रमदित
vichaarakon	विचारकों	विचारकों
vicharakon	विचारकों	विचारकों
vigyan	विज्ञान	विज्ञान
vigyaani	विज्ञानी	विज्ञानी
vigyani	विज्ञानी	विज्ञानी
vigyaanon	विज्ञानों	विज्ञानों
vigyanon	विज्ञानों	विज्ञानों
vitthal	विट्ठल	वित्थल
viththal	विठ्ठल	वित्ठाल
vitthal	विठ्ठल	वित्थल
vitark	वितर्क	वितरक
vidhaaein	विद्याएं	विधाएं
vidyaayein	विद्याएं	विद्याएं
vidyaen	विद्याएं	विद्याएं
vidhaaon	विद्याओं	विधाओं
vidyaaon	विद्याओं	विद्याओं
vidyaon	विद्याओं	विद्याओं
vidhansabhaein	विधानसभाएं	विधानसबााएं
vidhansabhaen	विधानसभाएं	विधानसबााएं
vidhivat	विधिवत	विधिवत
vidhut	विधुत	विद्युत
vinasht	विनष्ट	विनाष्ट
vineet	विनीत	विनित
vinit	विनीत	विनित
vipreetataa	विपरीतता	विप्रतिता
vipritata	विपरीतता	विपरितता
vipra	विप्रा	विप्र
vipro	विप्रो	विप्रो
wipro	विप्रो	विप्रो
vibha	विभा	विभा
vibhajak	विभाजक	विभाजक
vibhram	विभ्रम	विभर्म
vibhrm	विभ्रम	विभर्म
vibram	विभ्रम	विब्रम
vimarsh	विमर्श	विमार्श
vimarsho	विमर्शों	विमार्ों
vimarshon	विमर्शों	विमार्शों
virajati	विराजती	विराजती
virechan	विरेचन	विरेचन
virodh	विरोध	विरोध
virodhabhasi	विरोधाभासी	विरोधाााशी
virodhabhason	विरोधाभासों	विरोधाधासों
vividh	विविध	विविध
vivekahin	विवेकहीन	विवेकाहीन
vivekheen	विवेकहीन	विवेखीन
visheshan	विशेषण	विशेषण
visheshanon	विशेषणों	विशेषणों
visheshaadhikaar	विशेषाधिकार	विशेषाधिकार
visheshadhikar	विशेषाधिकार	विशेषाधिकार
vishwasaniy	विश्वसनीय	विश्वससनीय
vishwasniiya	विश्वसनीय	विश्वसनीय
vishwasaniyata	विश्वसनीयता	विश्वसंदिया
vishwasniiyataa	विश्वसनीयता	विश्वस्निया
vishahin	विषहीन	विषाहीन
vishhin	विषहीन	विश्हीन
vishanu	विष्णु	विषाणु
vishnu	विष्णु	विष्णु
vlc	वीएलसी	वीएसबीी
weeks	वीक्स	वीक्स
veerchand	वीरचंद	वीरचंदद
virchand	वीरचंद	विरचंदद
veeresh	वीरेश	वीरेश
viresh	वीरेश	विरेश
vritton	वृत्तों	वृत्तिं
vruton	वृत्तों	वृत्तों
vrutton	वृत्तों	वृत्तों
venkataraman	वेंकटरमन	वेंकटमारण
venkatraman	वेंकटरमन	वेंकट्माण
ved	वेड	वेद
wade	वेड	वादे
wed	वेड	वेड
wedding	वेडिंग	वेड्डिंग
vediyon	वेदियों	वेदियों
vedon	वेदों	वेदों
venezuela	वेनेजुएला	वेनेजुला
veronica	वेरोनिका	वेरोनिका
veronika	वेरोनिका	वेरोणिका
weronika	वेरोनिका	वेरोनिका
velvet	वेलवेट	वेलवेट
welwet	वेलवेट	वेलवेट
welder	वेल्डर	वेल्डर
weldor	वेल्डर	वेल्डोर
welding	वेल्डिंग	वेल्डिंग
wealth	वेल्थ	वेल्थ
vellur	वेल्लूर	वेल्यूर
velur	वेल्लूर	वेलूर
vesh	वेश	वेश
wasting	वेस्टिंग	वास्टिंग
westing	वेस्टिंग	वेस्टिंग
wastinghouse	वेस्टिंगहाउस	वास्टिंगइस
westinghouse	वेस्टिंगहाउस	वेस्टिंगइजज
vaisley	वेस्ले	वैसली
vesle	वेस्ले	वेसले
wesle	वेस्ले	वेसले
vaigyaanik	वैज्ञानिक	वैज्ञानिक
vaigyanik	वैज्ञानिक	वैज्ञानिक
vegyanik	वैज्ञानिक	वेज्ञानिक
vaigyaanikta	वैज्ञानिकता	वैज्ञानिकता
vaigyanikata	वैज्ञानिकता	वैज्ञानिकता
vaigyanikta	वैज्ञानिकता	वैज्ञानिकता
vaitravati	वैत्रवती	वैत्रवाती
vaitrawati	वैत्रवती	वैत्रवाती
vaimanasy	वैमनस्य	वैमानस्य
vaimanasya	वैमनस्य	वैमान्या
vaimanya	वैमनस्य	वैमान्य
very	वैरी	वेरी
vaisaakh	वैशाख	वैसाख
vaishakh	वैशाख	वैशाख
vaishaakhi	वैशाखी	वैशाखी
vaishakhi	वैशाखी	वैशाखी
vaishnodevi	वैष्णोदेवी	वैशुनदद्वीी
vyaktigat	व्यक्तिगत	व्यक्तिबत
vyagr	व्यग्र	व्यग्र
vyagra	व्यग्र	व्यग्र
vyatit	व्यतीत	व्यातित
vytit	व्यतीत	व्यतित
vyabhichar	व्यभिचार	व्यभिचार
vyabhichari	व्यभिचार	व्यभ्चिरारी
vyavadhan	व्यवधान	व्यवधान
vyavdhan	व्यवधान	व्यवदान
vyavahargat	व्यवहारगत	व्यवहारागत
vyvhargat	व्यवहारगत	व्यवद्रहत
vyaghat	व्याघात	व्यगघ्त
vyapak	व्यापक	व्यापक
vlad	व्लाद	व्लाद
wlaad	व्लाद	व्लाद
vladimir	व्लादिमीर	व्लादीमीर
shanghai	शंघाई	शंघाई
shatpath	शतपथ	शत्थ
shanivar	शनिवार	शानिवार
shaniwar	शनिवार	शानिवार
shabana	शबाना	शबनना
shbana	शबाना	शबाना
shabdarth	शब्दार्थ	शबद्रर्थ
shamadan	शमादान	शममदान
shmadan	शमादान	क्षमादन
shamitabh	शमिताभ	श्षीतभ
shamil	शमिल	शमील
shmil	शमिल	शममिल
sharabon	शराबों	शराबों
shrabon	शराबों	शराबों
shararat	शरारत	शरारत
shrart	शरारत	शररार्ट
sharmana	शर्माना	शर्माना
shaharwasiyon	शहरवासियों	शहरवर्सियों
shahrvasiyon	शहरवासियों	शहरवासियों
shervasiyon	शहरवासियों	शेरवासियों
shahdara	शहादरा	शहहदारा
shaantikaal	शांतिकाल	शांतिकाल
shantikal	शांतिकाल	शांतिकाल
shaao	शाओ	शाओ
shao	शाओ	शाओ
shaakir	शाकिर	शाकिर
shakir	शाकिर	शकीर
shaakhaaen	शाखाएं	शाखाएं
shakhayan	शाखाएं	शखायन
shakhayen	शाखाएं	शाखाएं
shayak	शायक	शायक
shaavakon	शावकों	शावकों
shavakon	शावकों	शावकों
shavkon	शावकों	श्षकों
shaasaka	शासक	शासका
shasak	शासक	शासक
sasakon	शासकों	ससकों
shaasakon	शासकों	शासकों
shasakon	शासकों	शासकों
shipra	शिप्रा	शिपरा
shirke	शिर्के	शिरके
sheershakon	शीर्षकों	शीर्षकों
shirshakon	शीर्षकों	शीर्षकों
shirshkon	शीर्षकों	शीर्षकों
shujaat	शुजात	शुजात
shujat	शुजात	शुजात
shooting	शुटिंग	शूटिंग
shutting	शुटिंग	शटटिंग
should	शुड	शोल्ड
shud	शुड	शुदद
shubhankar	शुभंकर	शुभंकर
shumaali	शुमाली	शुमाली
shumali	शुमाली	शुमाली
shringaar	शृंगार	श्रृंगार
shringar	शृंगार	श्रृंगार
shrungar	शृंगार	शृंगार
sheling	शेलिंग	शेलिंग
shelling	शेलिंग	शेलिंग
shaili	शैली	शैली
shaly	शैली	शल्य
sheli	शैली	शेली
shaishav	शैशव	शैष्व
sean	शॉन	सीन
shaun	शॉन	शौन
shawn	शॉन	श्नन
short	शोर्ट	शोर्ट
sure	श्योर	सुरे
shrankhala	श्रंखला	श्रृंखला
shrankhalaa	श्रंखला	श्रृंखला
shrunkhla	श्रंखला	शृंखला
shrankhalaaon	श्रंखलाओं	श्रृंखलाओं
shrinkhalaon	श्रंखलाओं	श्रृंखलाओं
shrunkhlaon	श्रंखलाओं	शृंखलाओं
shravani	श्रावणी	श्रवानी
shrikar	श्रीकर	श्रीकार
shrikhand	श्रीखंड	श्रीखंड
shrimati	श्रीमति	श्रीमति
shriram	श्रीराम	श्रीराम
sriram	श्रीराम	श्रीरम
shrotaon	श्रोताओं	श्रोताओं
shat	षट्	शत
sankhyaein	संख्याएं	संख्याएं
sankhyaen	संख्याएं	संख्याएं
sankhyayen	संख्याएं	संख्याएंं
sanghanit	संघनित	संघानित
sanghnit	संघनित	संघनित
sanchayan	संचयन	संचायन
sanchar	संचार	संचार
sanchaari	संचारी	संचारी
sanchari	संचारी	संचारी
sanchalanon	संचालनों	संचलनों
sanchalnon	संचालनों	संचलनों
sanjay	संजय	संजय
sanjeevan	संजीवन	संजीवन
sanjivan	संजीवन	संजीवन
santati	संतति	संतति
sandarbh	संदर्भ	संदर्भ
sandarbha	संदर्भ	संद्रभा
sandrbh	संदर्भ	संद्रभ
sandarbhon	संदर्भों	संदर्भों
sandrbhon	संदर्भों	संद्रभों
sandali	संदली	संंडली
sandli	संदली	संंडली
sandhan	संधान	संधन
samprati	संप्रति	सांप्रति
samprti	संप्रति	साप्रतिि
samprabhu	संप्रभु	संप्रभभु
samprbhu	संप्रभु	संप्रभू
samprabhuta	संप्रभुता	संप्रभाता
samprbhuta	संप्रभुता	संप्रभूता
sambit	संबित	संबित
sambhalane	संभालने	संभानने
sambhalne	संभालने	संभानने
sambhrant	संभ्रांत	संभांत
sanbharnt	संभ्रांत	संभारत
sanyog	संयुक्त	सायोग
sanyukt	संयुक्त	संयुक्त
sanyukta	संयुक्त	सनयुक्त
sanyukta	संयुक्ता	सनयुक्त
sanyogvash	संयोगवश	संन्योधाव
sanyojan	संयोजन	संयोजन
sanyojanon	संयोजनों	संयोजनों
sanyojnon	संयोजनों	संयोजनों
samvedikaran	संवेदीकरण	समवेदारीणा
sanvedikaran	संवेदीकरण	संवेदारिकाण
samshayon	संशयों	सम्शयों
sanshayon	संशयों	संशायों
sanshyon	संशयों	संशयों
sanskaar	संस्कार	संस्कार
sanskar	संस्कार	संस्कार
sanskaari	संस्कारी	संस्कारी
sanskari	संस्कारी	संस्कारी
sanskrit	संस्कृत	संस्कृत
sanskurt	संस्कृत	संस्कृत
sanskritiyan	संस्कृतियां	संस्कृतियों
sanskrutiyan	संस्कृतियां	संस्कृतियों
sanskritiyon	संस्कृतियों	संस्कृतियों
sanskrutiyon	संस्कृतियों	संस्कृतियों
sanasthit	संस्थित	सास्थित
sansthit	संस्थित	संस्थित
sanasthita	संस्थिता	सास्थितता
sansthita	संस्थिता	संस्थिता
sakara	सकरा	सकरा
sakra	सकरा	सक्रा
sakshan	सक्शन	साक्षण
suction	सक्शन	सक्सियों
sacchidanand	सच्चिदानंद	सच्चिदानंद
sachhidanand	सच्चिदानंद	सच्चिदादंद
sachidanand	सच्चिदानंद	सच्चिदानंद
sajja	सज्जा	सज्ज
sat	सत	सात
satpal	सतपाल	सत्पल
satluj	सतलुज	सतलुज
sataane	सताने	सताने
satane	सताने	सतने
sate	सते	सेट
satti	सत्ती	सत्ति
satvat	सत्वत	सतवत
sadanand	सदानंद	सदंदंद
sapane	सपने	सपने
sapne	सपने	सपने
sapney	सपने	सपने
saparivaar	सपरिवार	सपपरवार
sapariwar	सपरिवार	सपपरिवार
sparivar	सपरिवार	स्परिवर
sapaat	सपाट	सपात
sapat	सपाट	सपत
sapate	सपाटे	सपते
sapatey	सपाटे	सपते
saptakranti	सप्तक्रांति	सप्तक्षती
saptkraanti	सप्तक्रांति	सप्तकरांति
saptapadi	सप्तपदी	सप्तपादी
saptpadi	सप्तपदी	सप्तपादी
saptari	सप्तरी	सप्तरी
sapramaan	सप्रमाण	सप्रमान
sapraman	सप्रमाण	सप्रमान
submit	सबमिट	सबमित
sabmission	सबमिशन	सबमिसनं
submission	सबमिशन	सब्ििशन
sabhaein	सभाएं	सभाएं
sabhaen	सभाएं	सभाएं
sabhayen	सभाएं	सभाएं
sabhen	सभाएं	सभें
sabhasadon	सभासदों	सभासदों
sabhyata	सभ्यता	सभ्यता
samjhoonga	समझूंगा	समझौगा
samjhunga	समझूंगा	समझोगा
samjhungaa	समझूंगा	समझोगा
saman	समन	सामन
samanvayaka	समन्वयक	समन्यववका
samanwayaka	समन्वयक	समन्वयलका
samnvyak	समन्वयक	सम््यवक
samaadhaan	समाधान	समाधान
samadhan	समाधान	समाधान
samadhiyon	समाधियों	समाधियों
samadjiyon	समाधियों	समाजजियों
samalakha	समालखा	समालखा
samalakhaa	समालखा	समालखा
samahaar	समाहार	समाहार
samahar	समाहार	समाहार
samitiyan	समितियां	समितियां
sametati	समेटती	समेतती
sametti	समेटती	समेटी
sarka	सरका	सरका
sarkaa	सरका	सरका
sarkarein	सरकारें	सरकारें
sarkaren	सरकारें	सरकारें
sarkaaron	सरकारों	सरकारों
sarkaron	सरकारों	सरकारों
sargana	सरगना	सरगाना
sarganaon	सरगनाओं	सरगानाओं
sargi	सरगी	सार्गी
sarguja	सरगुजा	सरगुजा
sarjuga	सरगुजा	सरजुगा
sarsa	सरसा	सरसा
sarsaa	सरसा	सरसा
sarahind	सरहिंद	सरहींदद
sarhind	सरहिंद	सरहिंद
sirhind	सरहिंद	सिरहिंद
saraaha	सराहा	सराहा
saraha	सराहा	सराहा
saraahi	सराही	सराही
sarahi	सराही	सराही
salaahkar	सलाहकार	सलाहकर
salahkaar	सलाहकार	सलाहकार
salahkar	सलाहकार	सलाहकर
saleeb	सलीब	सलीब
salib	सलीब	सालिब
select	सलेक्ट	सेलेक्ट
saltanat	सल्तनत	सललटनात
saltnat	सल्तनत	सललटनत
savaal	सवाल	सवाल
saval	सवाल	सवाल
sawaal	सवाल	सवाल
sawal	सवाल	सवाल
sahakalaakar	सहकलाकार	सहकालकर
sahakalakar	सहकलाकार	सहकलकर
sahkalakar	सहकलाकार	सहकलकर
sahadev	सहदेव	सहादेव
sahdev	सहदेव	सहहेद
sahrawat	सहरावत	सहरावत
sherawat	सहरावत	शेरावत
sahooliyata	सहूलियत	सहूलियता
sahuliyat	सहूलियत	सहूलियत
sahuuliyata	सहूलियत	सहूलियता
saanketika	सांकेतिक	सांकेतिका
sanketik	सांकेतिक	संकेतिक
saimans	साइमंस	सैमांस
simmons	साइमंस	सिमंस
symons	साइमंस	सायमंस
saima	साइमा	सैमा
sagarika	सागरिका	सागरीका
sagrika	सागरिका	साग्रिका
saga	सागा	सागा
saajan	साजन	साजन
sajan	साजन	सजन
saajsajja	साजसज्जा	साजजस्जज
sajsajja	साजसज्जा	सज्जज्ज
saja	साजा	सजा
saathsaath	साथसाथ	साठाशा
sathsath	साथसाथ	साठस्थ
sathiya	साथिया	साथिया
saabah	साबाह	साभाह
sabah	साबाह	सबाह
samanjasy	सामंजस्य	समाजसस्य
samanjasya	सामंजस्य	समाजसस्य
samoa	सामोआ	समोए
samoaa	सामोआ	समोया
saayn	सायं	सायन
sayan	सायं	सायन
saym	सायं	सायम
saira	सायरा	सैरा
sayara	सायरा	सयारा
sayra	सायरा	सायरा
salve	साल्वे	सालवे
sahab	साहब	सहाब
singapore	सिंगापुर	सिंगरपू
singaar	सिंगार	सिंगार
singar	सिंगार	सिंगर
singer	सिंगार	सिंगर
singhaadey	सिंघाड़े	सिंहदे
singhade	सिंघाड़े	सिंहड़े
singhde	सिंघाड़े	सिंहडे
singhre	सिंघाड़े	सिंहरे
singhi	सिंघी	सिंही
singha	सिंहा	सिं्हा
sinha	सिंहा	सिंहा
siera	सिएरा	सियरा
sierra	सिएरा	सियरा
sikud	सिकुड़	सिकुड़
signals	सिगनल्स	सिग्नल्स
cigaretton	सिगरेटों	सिगरर्टों
cigretton	सिगरेटों	सिग्रेटों
siddhivat	सिद्धवट	सिद्धिवत
siddhvat	सिद्धवट	सिद्धवत
siddhwat	सिद्धवट	सिद्धवत
sinabang	सिनाबंग	सिंबदग
synapse	सिनेप्स	सिनापसे
sipah	सिपाह	सिपाह
sipaha	सिपाह	सिपाहा
sipahiyon	सिपाहियों	सिपाहियों
sipahi	सिपाही	सिपाही
sim	सिम	सिम
simat	सिमट	सीमत
simatataa	सिमटता	सिमतता
simatta	सिमटता	सिमतता
simtata	सिमटता	सिमतता
simtataa	सिमटता	सिमतता
cement	सिमटे	सीमेंट
simate	सिमटे	सिमते
simi	सिमी	सीमी
simmy	सिमी	सिम्मी
sims	सिम्स	सिम्स
siyasi	सियासी	सियासी
siyah	सियाह	सियाह
siyaha	सियाह	सियाहा
sirpur	सिरपुर	सिरपुर
sivan	सिवान	सिवन
siwan	सिवान	सिवान
sisva	सिसवा	सिस्वा
siswa	सिसवा	सिस्वा
cil	सीआईएल	सील
csi	सीएसआई	सीएसई
sikar	सीकर	सिकर
seaten	सीटें	सीतें
sitaram	सीताराम	सितारम
sitaharan	सीताहरण	सिताहरण
cpm	सीपीएम	सीपीएम
cps	सीपीएस	सीपीएस
cbse	सीबीएसई	सीबीएस
seem	सीम	सीम
sim	सीम	सिम
sealed	सील्ड	सीलेड
shield	सील्ड	शील्डड
ccd	सीसीडी	सीडीडीी
sugamata	सुगमता	सुगमता
sugmta	सुगमता	सुगमता
sujan	सुजेन	सुजनन
sujen	सुजेन	सुजें
suken	सुजेन	सुकें
sujain	सुजैन	सुजाएं
sujhaati	सुझाती	सुझाती
sujhati	सुझाती	सुझाती
sutali	सुतली	सुतली
sutli	सुतली	सूतली
suta	सुता	सूता
sdueep	सुदीप	स्दीप
sudip	सुदीप	सुदीप
sudhaargrah	सुधारगृह	सुधाराग्रह
sudhargrih	सुधारगृह	सुधारग्रह
sudhargruh	सुधारगृह	सुधारग्रह
sunaaron	सुनारों	सुनारों
sunaron	सुनारों	सुनरों
sunaseer	सुनासीर	सुनासीर
sunasir	सुनासीर	सुनासीर
suneeti	सुनीति	सुनीति
suniti	सुनीति	सुनीति
sunega	सुनेगा	सुनेगा
suneyga	सुनेगा	सुनेगा
superhit	सुपरहिट	सुपरहित
supachy	सुपाच्य	सुपच्ची
supachya	सुपाच्य	सुपच्चा
supachye	सुपाच्य	सुपचची
subhaay	सुभाय	सुभाय
subhay	सुभाय	सुभाय
surveen	सुरवीन	सूर्वीन
survin	सुरवीन	सूर्विन
surana	सुराणा	सुराना
sulkhan	सुलखान	सुलखान
suljaayi	सुलझाई	सुलझाई
suljayi	सुलझाई	सुलझाई
suljhai	सुलझाई	सुलझाई
sulzai	सुलझाई	सुलझाई
sultana	सुलताना	सुलताना
sulaati	सुलाती	सुलाती
sulati	सुलाती	सुलती
susanskrit	सुसंस्कृत	सुसस्कृति
susanskrut	सुसंस्कृत	सुसंस्कृत
suhagin	सुहागिन	सुहागीन
soond	सूंड़	सूंद
sund	सूंड़	संड
suiyan	सूइयां	सुईयां
sukhati	सूखती	सुखती
sukhti	सूखती	सूखती
sukhakar	सूखाकर	सुखाकर
soochak	सूचक	सूचक
suchak	सूचक	सुचक
sooja	सूजा	सूजा
suja	सूजा	सुझा
suba	सूबा	सुबा
sube	सूबे	सुबे
sooraj	सूरज	सुरज
suraj	सूरज	सुरज
surinaam	सूरीनाम	सुरीनाम
surinama	सूरीनाम	सुरीनामा
suriname	सूरीनाम	सुरीनेम
suryadev	सूर्यदेव	सूर्यदेव
sendha	सेंधा	सेंधा
senvai	सेंवई	सेनवाई
sevai	सेंवई	सेवाई
sensing	सेंसिंग	सेंसिंग
sexual	सेक्सुअल	सेक्सोल
saturday	सेटरडे	सतुरददय
seti	सेटी	सेती
seto	सेटो	सेटो
seth	सेथ	सेठ
safety	सेफ्टी	सफेती
semen	सेमिन	सेमेन
semin	सेमिन	सेमिन
self	सेल्फ	सेल्फ
selfie	सेल्फी	सेल्फी
save	सेव	साव
sev	सेव	सेव
sevakon	सेवकों	सेवकों
sevkon	सेवकों	सेवकों
samuels	सैम्युल्स	समूसल्स
celery	सैलरी	सेलेरी
salary	सैलरी	सललरी
sakar	सॉकर	सककर
socar	सॉकर	सोकर
soccer	सॉकर	सोक्सर
songs	सॉन्ग्स	सोन्स्स
solicitor	सॉलिसिटर	सोलीस्टूयरट
sochane	सोचने	सोचने
sochne	सोचने	सोचने
sonu	सोनू	सोनू
soma	सोमा	सोमा
spma	सोमा	स्पामा
somi	सोमी	सोमी
soy	सोय	सोय
soya	सोया	सोया
solitaire	सोलिटेयर	सोलीटरयर
soharai	सोहराई	सोहराई
sohrai	सोहराई	सोहराई
sohaval	सोहावल	सोहावल
sohawal	सोहावल	सोहावल
saunpane	सौंपने	सौंपने
sonpne	सौंपने	सोंपने
scala	स्काला	स्केला
skala	स्काला	स्कला
ski	स्की	स्कीी
scootaron	स्कूटरों	स्कूररों
scooteron	स्कूटरों	स्कूरेटों
skootaron	स्कूटरों	स्कूरोरों
scandinavia	स्कैंडिनेविया	स्कनंडीवलिया
scaining	स्कैनिंग	स्केनिंग
scanning	स्कैनिंग	स्केनेंग
squash	स्क्वाश	स्क्वोस
squash	स्क्वैश	स्क्वोस
skhalan	स्खलन	स्खलन
stain	स्टैन	स्टेन
stan	स्टैन	स्टैन
stop	स्टॉप	स्टोप
stops	स्टॉप्स	स्टॉप्स
stone	स्टोन	स्टोन
straws	स्ट्रास	स्ट्रास
stress	स्ट्रास	स्ट्रेस
stra	स्ट्रे	स्ट्रा
stray	स्ट्रे	स्ट्री
stre	स्ट्रे	स्ट्रे
strocks	स्ट्रोक्स	स्ट्रॉक्स
strokes	स्ट्रोक्स	स्ट्रॉक्स
stan	स्तन	स्टैन
stanadhari	स्तनधारी	स्तनधारी
standhaari	स्तनधारी	स्तनधारी
standhari	स्तनधारी	स्तनधारी
sthiti	स्तिथि	स्थिति
stithi	स्तिथि	स्तीथी
stuti	स्तुति	स्तूटी
sthitiyaan	स्थितियां	स्थितियां
sthitiyan	स्थितियां	स्थितियां
sthitiyon	स्थितियों	स्थितियों
sthool	स्थूल	स्थूल
sthul	स्थूल	स्थूल
sthoolta	स्थूलता	स्थूलता
sthulata	स्थूलता	स्थुलता
sneakers	स्नीकर्स	स्नेकर्स
snickers	स्नीकर्स	स्नाइकर्स
snikarse	स्नीकर्स	स्नीकर्स
spear	स्पीयर	स्पेयर
spell	स्पेल	स्पेल
spelar	स्पेलर	स्पेलर
speller	स्पेलर	स्पेलर
sprint	स्प्रिट	स्प्रिंटट
sprit	स्प्रिट	स्प्रित
spray	स्प्रे	स्प्रे
spry	स्प्रे	स्प्री
sfoorti	स्फूर्ति	स्फूर्ति
sfurti	स्फूर्ति	स्फूर्ति
sphoorti	स्फूर्ति	स्फूर्ति
slide	स्लाइड	स्लाइड
slider	स्लाइडर	स्लीडर
slaaidon	स्लाइडों	स्लेड़ों
slidon	स्लाइडों	स्लिडों
sliders	स्लाइड्स	स्लीडर्स
slides	स्लाइड्स	स्लाडडरस
slice	स्लाइस	स्लिस
slash	स्लैश	स्लैश
swaroopon	स्वरुपों	स्वरूपों
swarupon	स्वरुपों	स्वरूपों
swa	स्वा	स्वा
swaachaalit	स्वाचालित	स्वाचालित
swachalit	स्वाचालित	स्वचालित
swaarthparak	स्वार्थपरक	स्वर्थारपक
swarthparak	स्वार्थपरक	स्वर्थपारक
swiftlate	स्विफ्टलेट	स्विफ्टोटे
swiftlet	स्विफ्टलेट	स्विफ्टलेट
sweekarte	स्वीकारते	स्वीकारते
swikarte	स्वीकारते	स्वीकारते
sweet	स्वीट	स्वीत
sweep	स्वीप	स्वीप
sweccha	स्वेच्छा	स्वेच्छा
swecha	स्वेच्छा	स्वेच्छा
swechha	स्वेच्छा	स्वेच्छा
sweta	स्वेता	स्वेटा
swap	स्वैप	स्वाप
swipe	स्वैप	स्वीप
handiya	हंडिया	हंडिया
handiyaa	हंडिया	हंडिया
hundiya	हंडिया	हुंडिया
hakikat	हकीकत	हकीकत
haqeeqat	हकीकत	हकीकत
hathiya	हथिया	हठिया
hamala	हमला	हमाला
hamla	हमला	हमला
hamalavar	हमलावर	हमलावर
hamlavar	हमलावर	हमलवार
humlavar	हमलावर	हमलावर
hamaal	हमाल	हमाल
hamal	हमाल	हमाल
hercules	हरक्यूलिस	हर्कललज
hardas	हरदास	हरदास
harpaal	हरपाल	हर्पल
harpal	हरपाल	हर्पल
harvansh	हरवंश	हरवंश
haraval	हरावल	हरावल
harawal	हरावल	हरावल
hurricane	हरिकेन	हर्रिकन
harijan	हरिजन	हरिजन
hariyali	हरियाली	हरियाली
harshit	हर्षित	हर्षित
haldi	हल्दी	हल्दी
halla	हल्ला	हल्ला
hawamahal	हवामहल	हवामाल
hawalaat	हवालात	हवालत
hawalat	हवालात	हवालत
hasino	हसीनों	हासिनो
hasinon	हसीनों	हासिनों
haan	हां	हान
han	हां	हान
haanfte	हांफते	हांफ्टे
hafate	हांफते	हफफते
hanfte	हांफते	हैंफते
higman	हाइमन	हिगमान
hymen	हाइमन	हाइमेन
hadauti	हाड़ौती	हदौती
haani	हानी	हानी
hani	हानी	हानी
haarjeet	हारजीत	हारजीत
harjeet	हारजीत	हरजीत
haaranaa	हारना	हारना
harana	हारना	हरना
harna	हारना	हरना
haalchaal	हालचाल	हालचाल
haalchal	हालचाल	हालचल
halchaal	हालचाल	हलचालल
halchal	हालचाल	हलचल
halt	हाल्ट	हल्ट
hault	हाल्ट	हॉल्ट
hahakar	हाहाकार	हहकर
hingis	हिंगिस	हिंगिस
hindan	हिंडन	हिंदन
hindon	हिंडन	हिंदों
hijada	हिजड़ा	हिजड़ा
hijda	हिजड़ा	हिजदा
hijbul	हिजबुल	हिजबुल
hippo	हिप्पो	हिप्पो
hippopotamus	हिप्पोपोटेमस	हिप्पोटममेटस
himali	हिमाली	हिमली
hilane	हिलने	हिलने
hilne	हिलने	हिलने
hisham	हिशाम	हिशम
heeraganj	हीरागंज	हीरगंज
hiraganj	हीरागंज	हीरगंज
heroes	हीरोज	हीरोस
heros	हीरोज	हेरोस
hui	हुईं	हुई
huin	हुईं	ह्यून
hooper	हूपर	हुपर
huppar	हूपर	हुप्र
hupper	हूपर	हपपर
hegde	हेगडे	हेगड़े
hemvati	हेमवती	हेमावती
hemwati	हेमवती	हेमवती
help	हेल्प	हेल्प
helper	हेल्पर	हेलपर
haito	हैतो	हैतो
hairam	हैरम	हैरम
harem	हैरम	हरेम
herald	हैराल्ड	हेराल्ड
haive	हैव	हैवे
have	हैव	हावे
hong	हॉन्ग	होंग
half	हॉफ	हलफ
hoaf	हॉफ	होफ
hounga	होऊंगा	हौंगा
holding	होल्डिंग	होल्डिंग
hoshangabaad	होशंगाबाद	होशागाबाद
hoshangabad	होशंगाबाद	होशागााबाद
hostes	होस्टेस	होस्टेस
hostess	होस्टेस	हॉस्टेस
